84;28.10.1987;ALBANIA;Romania;1;40
100;01.05.1991;ALBANIA;CSSR;1;8
103;16.10.1991;CSSR;ALBANIA;8;1
109;11.11.1992;ALBANIA;Latvia;1;28
117;14.05.1994;Macedonia;ALBANIA;33;1
156;06.10.1999;GREECE;Albania;19;1
159;08.02.2000;ALBANIA;Azerbaijan;1;4
161;26.04.2000;MACEDONiA;ALBANIA;33;1
217;16.08.2000;ESTONIA;ANDORRA;13;2
233;30.04.2003;ANDORRA;ESTONIA ;2;13
252;11.10.1942;RoMANiA;CROATIA ;40;27
289;16.06.1996;CroATIA;DENMARK;27;9
290;19.06.1996;PORTUGAL;CROATIA;39;27
292;08.10.1996;BOSNIA-HERCEGOVINA;CROATIA;6;27
301;06.09.1997;CROATIA;BOSNIA-HERCEGOVINA;27;6
325;13.06.1999;CROATIA;EGYPT;27;68
331;09.10.1999;Croatia;Yugoslavia;27;26
345;15.08.2001;IRELAND;Croatia;22;27
350;13.11.2001;South Korea;Croatia;184;27
353;17.04.2002;CROATIA;BOSNIA-HERCEGOVINA;27;6
356;08.06.2002;ITALY;CroATIA;25;27
472;20.07.1977;Iceland;SWEDEN;23;44
490;03.07.1980;GREENLAND;ICELAND;;23
520;03.08.1984;ICELAND;GREENLAND;23;
579;01.05.1991;WALES;ICELAND;55;23
589;02.03.1992;United Arab Emirates;Iceland;191;23
608;30.08.1994;ICELAND;United Arab Emirates;23;191
635;27.07.1997;Iceland;F�r�er;23;14
715;16.06.1927;ESTONIA;Latvia;13;28
727;16.08.1929;LATVIA;Estonia;28;13
729;18.09.1929;Estonia;Latvia;13;28
730;27.06.1930;Estonia;Latvia;13;28
732;04.08.1930;LATVIA;FINLAND;28;15
736;28.05.1931;Latvia;Estonia;28;13
737;30.06.1931;LATVTA;Lithuania;28;30
739;26.07.1931;SWEDEN;Latvia;44;28
741;31.08.1931;LITHUANIA;Latvia;30;28
742;01.09.1931;Estonia;Latvia;13;28
749;30.08.1932;LATVIA;Estonia;28;13
756;03.09.1933;Estonia;Latvia;13;28
769;08.09.1935;LITHUTANIA;Latvia;30;28
775;31.08.1936;LATVIA;EsTONIA;28;13
778;13.07.1937;Latvia;Romania;28;40
784;05.10.37;AUSTRIA;Latvia;37;28
785;10.10.1937;POLAND;Latvia;38;28
786;17.05.1938;LATViA;Lithuania;28;30
789;20.07.1938;EsTONIA;Latvia;13;28
790;28.05.1938;LATViA;СZЕСНОЅLОVAKIA;28;
792;05.09.1938;Estonia;Latvia;13;28
797;24.09.1939;FINLAND;Latvia;15;28
798;18.07.1940;ESTONIA;Latvia;13;28
801;10.07.1992;Latvia;Estonia ;28;13
805;12.09.1992;OF Ireland;"FLAT""IA";;
836;06.09.1995;LATVIA;LIECHTENSTEiN;28;29
859;11.10.1997;SCOTLAND;Latvia;43;28
862;10.02.1998;ALBANIA;Latvia;1;28
868;06.09.1998;Norway;Latvia;36;28
888;07.10.2000;LATVIA;Belgium;28;5
907;20.11.2002;San Marino;Latvia;42;28
911;07.06.2003;HUNGARY;Latvia;54;28
926;06.06.2004;LATVIA;AZERBAIJAN ;28;4
952;11.10.1995;LIECHTENSTEIN;NORTHERN Ireland;29;35
953;24.04.1996;MACEDONiA;LIECHTENSTEIN;33;29
961;20.08.1997;LIECHTENSTEIN;Iceland;29;23
964;02.06.1998;AUSTRIA;LIECHTENSTEIN;37;29
970;05.06.1999;AZERBAIJAN;LIECHTENSTEIN;4;29
975;09.10.1999;LIECHTENSTEIN;Romania;29;40
981;24.03.2001;SPAIN;LIECHTENSTEIN;48;29
986;07.10.2001;BOSNIA-HERZEGOVINA;LIECHTENSTEIN;6;29
991;08.09.2002;LIECHTENSTEIN;MACEDONIA;29;33
1006;08.09.2004;SLOVAKIA;LIECHTENSTEIN;46;29
1137;23.03.1952;LUXEMBOURG;Switzerland;31;45
1142;29.06.1952;SAAR Amateurs;LUXEMBOURG;;31
1156;10.10.1954;LUXEMBOURG;Switzerland;31;45
1226;20.09.1964;Yugoslavia;LUXEMBOURG;26;31
1247;22.11.1967;Belgium;LUXEMBOURG;5;31
1249;31.03.1968;LUXEMBOURG;FRANCE Amateurs;31;
1329;13.05.1980;BIRMANIA;LUXEMBOURG;3782;31
1353;01.05.1984;LUXEMBOURG;NORWAY;31;36
1393;18.12.1991;Germany;LUXEMBOURG;11;31
1438;26.04.2000;LUXEMBOURG;Estonia;31;13
1440;03.09.2000;LUXEMBOURG;Yugoslavia;31;26
1463;11.06.2003;LUXEMBOURG;DENMARK ;31;9
1487;14.11.1971;MALTA;Hungary;32;54
1510;30.04.1977;AUSTRIA;Malta;37;32
1525;14.06.1981;LIECHTENsTEIN;MALTA;29;32
1527;22.06.1981;THAILAND;MALTA;188;32
1530;15.11.1981;POLAND;Malta;38;32
1535;01.02.1983;Tunisia;Malta;115;32
1537;15.05.1983;MALTA;Spain;32;48
1541;17.12.1983;HOLLAND;MALTA;21;32
1573;23.11.1988;MALTA;CYPRUS;32;57
1580;23.03.1989;SPAIN;Malta;48;32
1582;26.04.1989;MALTA;Northern Ireland;32;35
1596;09.02.1991;MALTA;PORTUGAL;32;39
1621;08.02.1994;MALTA;Tunisia;32;115
1625;30.03.1994;MALTA;Slovakia;32;46
1630;16.08.1994;Slovakia;Malta;46;32
1631;06.09.1994;Czech Republik;Malta;49;32
1632;12.10.1994;MALTA;Czech Republic;32;49
1634;22.02.1995;MALTA;LUXEMBOURG;32;31
1638;16.08.1995;MALTA;ALBANiA;32;1
1641;12.11.1995;MALTA;BELARUS ;32;56
1649;22.09.1996;Slovakia;MALTA;46;32
1670;10.10.1998;MALTA;CROATIA;32;27
1672;18.11.1998;MALTA;MACEDONiA;32;33
1673;27.01.1999;MALTA;BOSNIA-HERCEGOVINA;32;6
1714;16.10.2002;MALTA;FRANCE;32;16
1716;12.02.2003;MALTA;Kazakhstan;32;166
1723;14.02.2004;MALTA;Moldova;32;34
1749;26.04.1995;Moldova;BULGARIA(;34;7
1750;07.06.1995;Moldova;ALBANIA;34;1
1754;09.04.1996;Moldova;UKRAINE;34;53
1756;14.08.1996;TuRKEY;MOLDOVA;50;34
1757;01.09.1996;MOLDOVA;England;34;12
1758;05.10.1996;MOLDOVA;ITALY;34;25
1759;30.10.1996;MOLDOVA;INDONEZIA;34;159
1760;10.11.1996;POLAND;Moldova;38;34
1766;07.10.1997;Moldova;POLAND;34;38
1769;16.08.1998;Moldova;Lithuania;34;30
1770;20.08.1998;MOLDOVA;ESTONIA;34;13
1785;26.04.2000;San Marino;Moldova;42;34
1799;05.09.2001;SLOVAKIA;HOLLAND;46;21
1800;06.10.2001;MOLDOVA;TURKEY;34;50
1801;09.02.2002;LITHUANIA;MOLDOVA;30;34
1810;05.03.2003;ISRAEL;Moldova;24;34
1812;02.04.2003;MOLDOVA;HOLLAND;34;21
1816;10.09.2003;Moldova;BELARUS;34;56
1894;12.09.1937;POLAND;DenMARK;38;9
1901;05.06.1938;BRAZIL;POLAND;60;38
1903;25.09.1938;LATIA;POLAND;28;38
2099;17.04.1974;BELGIOM;POLAND;5;38
2114;26.03.1975;POLAND;United States;38;151
2153;06.06.1978;POLAND;TUNiSIA;38;115
2247;11.12.1985;TuRKEY;POLAND;50;38
2343;22.09.1993;NORWVAY;POLAND;36;38
2344;13.10.1993;POLAND;NORWAY;38;36
2345;27.10.1993;TuRKEY;POLAND;50;38
2363;06.09.1995;POLAND;Romania;38;40
2371;27.08.1996;POLAND;CYPRUS ;38;57
2377;17.02.1997;POLAND;Latvia;38;28
2396;06.09.1998;BULGARiA;POLAND;7;38
2478;24.01.1926;PORTUGAL;Czech Amateur;39;
2514;12.02.1939;PORTUGAL;Switzerland;39;45
2565;26.05.1957;PORTUGAL;Italy;39;25
2576;11.11.1959;FRANĆE;PORTUGAL;16;39
2616;28.07.1966;PORTUGAL;Soviet Union;39;52
2619;01.06.1967;Sweden;PORTUGAL;44;39
2639;21.11.1971;PORTUGAL;Belgium;39;5
2656;13.11.1974;Switzerland;PORTUGAL;45;39
2658;09.03.1975;GOIÁS;XI;;
2663;12.11.1975;PORTUGAL;CZECHOSLOVAKIA;39;8
2802;15.08.1995;LIECHTENSTEiN;PORTUGAL;29;39
2861;15.08.2001;PORTUGAL;Moldova;39;34
2904;17.11.2004;LUXENIBOURG;PORTUGAL;31;39
3845;10.05.1959;ĆZECHOSLOVAKIλ;Ireland;8;22
3900;10.10.1971;AUSTRiА;Ireland;37;22
3927;09.02.1977;Ireland;Spain;22;48
3992;27.05.1986;Ireland;Czechoslovakia;22;8
4181;26.10.1923;TuRKEY;Romania;50;40
4193;06.05.1928;Yugoslavia;Romania;26;40
4195;0.05.1929;RoMANiA;Yugoslavia;40;26
4216;16.10.1932;AUSTRIa Amateur;Romania;;40
4256;11.06.1939;RoMANiA;ITALY;40;25
4260;19.05.1940;HUNGARY;Romania;54;40
4271;1.10.1946;Yugoslavia;Romania;26;40
4296;15.07.1952;HUNGARY;Romania;54;40
4303;19.09.1954;HUNGARY;Romania;54;40
4306;15.06.1955;SWEDEN;Romania;44;40
4309;09.10.1955;RoMANiA;BULGARIA;40;7
4310;22.04.1956;Yugoslavia;Romania;26;40
4315;01.06.1957;Soviet Union;Romania;52;40
4316;16.06.1957;GREECE;Romania;19;40
4317;29.09.1957;RoMANiA;Yugoslavia;40;26
4318;03.11.1957;RoMANiA;GREECE;40;19
4322;02.11.1958;RoMANiA;TURKEY;40;50
4331;14.05.1961;TuRKEY;Romania;50;40
4355;22.10.1964;RoMANiA;Yugoslavia;40;26
4356;02.05.1965;RoMANiA;TURKEY;40;50
4357;30.05.1965;RoMANiA;CZECHOSLOVAKIA;40;8
4360;23.10.1965;TuRKEY;Romania;50;40
4381;24.12.1967;ZAIRE;Romania;77;40
4385;06.11.1968;RoMANiA;ENGLAND;40;12
4399;06.06.1970;CZECHOSLOVAKIA;Romania;8;40
4417;17.05:1972;HUNGARY;Romania;54;40
4418;21.05.1972;RoMANiA;DENMARK;40;9
4419;17.06.1972;RoMANiA;ITALY;40;25
4421;20.09.1972;FINLAND;Romania;15;40
4422;29.10.1972;RoMANiA;ALBANIA;40;1
4430;22.04.1974;ARGENTINA;Romania;58;40
4436;04.12.1974;ISRAEL;Romania;24;40
4445;12.10.1975;RoMANiA;TURKEY;40;50
4462;08.05.1977;Yugoslavia;Romania;26;40
4469;05.04.1978;ARGENTINA;Romania;58;40
4474;25.10.1978;RoMANiA;Yugoslavia;40;26
4488;30.03.1980;Yugoslavia;Romania;26;40
4533;22.01.1984;ECUADOR;RОN;62;
4551;28.08.1985;RoMANiA;FiNLAND;40;15
4557;14.03.1986;IRAQ;Romania;160;40
4575;03.02.1988;ISRAEL;Romania;24;40
4599;14.06.1990;CANIEROON;Romania;85;40
4627;06.02.1993;United States;Romania;151;40
4629;14.04.1993;RoMANiA;Cyprus;40;57
4635;13.02.1994;United States;Romania;151;40
4640;01.06.1994;RoMANiA;SLOVENIA;40;47
4642;18.06.1994;ĆOLOMBIA;Romania;63;40
4649;12.10.1994;ENGLAND;Romania;12;40
4655;26.04.1995;AZERBAIJAN;Romania;4;40
4664;13.06.1996;BULGARIA;Romania;7;40
4667;31.08.1996;RoMANiA;Lithuania;40;30
4698;05.06.1999;RoMANiA;HUNGARY;40;54
4708;26.04.2000;RoMANiA;CYPRUS ;40;57
4731;10.11.2001;SLOVENIA;Romania;47;40
4739;16.10.2002;LUXEMBOURG;Romania;31;40
4746;20.08.2003;UKRAINE;Romania;53;40
4777;10.03.1993;San Marino;Turkey;42;50
4781;22.09.1993;San Marino;HOLLAND;42;21
4782;17.11.1993;San Marino;ENGLAND;42;12
4790;11.10.1995;San Marino;FAROE;42;14
4798;07.06.1997;BELGIUM;San Marino;5;42
4803;10.02.1999;CYPRUS;San Marino;57;42
4815;06.06.2001;San Marino;Belgium;42;5
4828;04.09.2004;San Marino;Serbia;42;3215
4881;26.04.2000;ARM[:NIA;GEORGIA;3;17
4886;24.03.2001;ARMENIA;Wales;3;55
4888;02.06.2001;ARMENIA;BELARUŚ;3;56
4922;02.10.1931;TuRKEY;Yugoslavia;50;26
4931;02.08.1948;TuRKEY;China;50;155
4948;25.05.1953;Switzerland;TURKEY;45;50
4958;18.12.1955;TuRKEY;PORTUGAL;50;39
4978;01.06.1961;NORWAY;Turkey;36;50
4986;10.10.1962;TuRKEY;Ethiopia;50;72
4988;02.12.1962;Italy;Turkey;25;50
4989;12.12.1962;TuRKEY;Denmark;50;9
4999;19.04.1965;TuRKEY;PORTUGAL;50;39
5004;09.10.1965;TuRKEY;CZECHOSLOVAKIA;50;8
5006;21.11.1965;CZEĆHOSLOVAКIA;TURKEY;8;50
5042;13.01.1973;iTALY;TURKEY ;25;50
5052;13.11.1974;TuRKEY;AUSTRIA ;50;37
5096;09.09.1981;iCELAND;TURKEY;23;50
5099;22.09.1982;HUNGARY;TURKEY;54;50
5105;30.03.1983;IRELAND;TURKEY;22;50
5110;16.11.1983;TuRKEY;AUSTRIA;50;37
5113;03.03.1984;TuRKEY;iTALY;50;25
5114;11.03.1984;LUXEMВOURG;Turkey;31;50
5121;28.03.1985;AI.BANIA;TURKEY;1;50
5140;12.10.1988;TuRKEY;iCELAND;50;23
5143;29.03.1989;GREEĆE;TURKEY;19;50
5149;11.04.1990;DENNIARK;TURKEY;9;50
5169;23.09.1992;POLАND;TURKEY;38;50
5179;23.02.1994;TuRKEY;Czech;50;49
5183;12.10.1994;TuRKEY;iCELAND;50;23
5187;29.03.1995;TuRKEY;SWEDEN;50;44
5190;07.06.1995;CANADA;Turkey;136;50
5192;18.06.1995;PARAGUAY;Turkey;64;50
5195;30.08.1995;TuRKEY;MACEDONiA;50;33
5199;15.11.1995;SWEDEN;Turkey;44;50
5202;09.04.1996;AZERBAiJAN;TURKEY;4;50
5206;11.06.1996;CROATIA;Turkey;27;50
5216;30.04.1997;TuRKEY;Belgium;50;5
5217;12.06.1997;CROATiλ;TURKEY;27;50
5221;11.10.1997;HOLLAND;Turkey;21;50
5226;10.10.1998;TuRKEY;GERNIANY;50;11
5240;16.08.2000;Bosnia;TURKEY;6;50
5243;11.10.2000;AZERBAIJAN;Turkey;4;50
5246;24.03.2001;TuRKEY;Slovakia;50;46
5249;02.06.2001;TuRKEY;AZERBAiJAŃ;50;4
5252;01.09.2001;Slovakia;TURKEY;46;50
5254;06.10.2001;MOLDOVA;Turkey;34;50
5259;17.04.2002;TuRKEY;CHILE;50;61
5263;13.06.2002;TuRKEY;China;50;155
5266;26.06.2002;BRAZIL;TURKEY;60;50
5269;07.09.2002;TuRKEY;Slovakia;50;46
5271;16.10.2002;TuRKEY;LIECHTENSTEIN;50;29
5293;21.05.04;Australia;Turkey;194;50
5328;31.08.96;Azerbaijan;Switzerland;4;45
5367;07.10.00;Macedonia;Azerbaidjan;33;4
5386;07.09.02;Azerbaijan;Italia;4;25
5272;20.11.2002;ITALY;TURKEY;25;50
5388;20.11.2002;AZERBAIJAN;WALES;4;55
5393;11.10.2003;ITALIA;AZERBAIJAN;25;4
5395;27.01.1993;ECUADOR;BELARUS;62;56
5433;27.03.1999;BELARUS;Switzerland;56;45
5441;29.03.2000;Bulgaria;BELARUS;7;56
5459;07.09.2002;HOLLAND;BELARUS;21;56
5464;30.04.2003;UZBEKISTAN;BELARUS;190;56
5465;07.06.2003;BELARUS;HOLLAND;56;21
5484;26.10.1908;BELGIUM;Sweden;5;44
5501;10.03.1912;BELGIUM;HOLLAND;5;21
5521;02.09.1920;BELGIUM;CzechoSLOVAKIA;5;8
5587;28.09.1930;BELGIUM;Sweden;5;44
5595;20.03.1932;BELGIUM;HOLLAND;5;21
5602;12.03.1933;Switzerland;BELGIUM;45;5
5604;09.04.1933;BELGIUM;HOLLAND;5;21
5621;16.02.1936;BELGIUM;Poland;5;38
5626;24.05.1936;Switzerland;BELGIUM;45;5
5654;23.01.1946;Scotland;BELGIUM;43;5
5677;05.03.1950;ITALY;Belgium;25;5
5728;31.03.1957;BELGIUM;Spain;5;48
5733;27.10.1951;Belgium;FRANCE;5;16
5738;26.05.1958;Switzerland;Belgium;45;5
5748;27.03.1960;BELGIUM;Switzerland;5;45
5750;24.04.1960;BELGIUЛΡI;HOLLAND;5;21
5775;01.12.1963;SPAIN;Belgium;48;5
5842;01.06.1974;BELGIUM;Scotland;5;43
5855;26.03.1977;BELGIUM;HOLLAND;5;21
5875;06.06.1980;BELGIŮM;Romania;5;40
5893;19.06.1982;BELGIUM;EL Salvador;5;129
5925;08.06.1986;BELGIUM;IRAK;5;160
5931;10.09.1986;BELGIUM;IRELANЛ;5;22
5968;27.02.1991;BELGIUїI;LUXEMBOURG;5;31
5984;06.10.1993;BELGIUM;GABUN;5;80
6035;30.03.1999;BELGIUM;EGYIPT;5;68
6080;29.03.2003;CROATIA;Belgium;27;5
6086;11.10.2003;BELGIUM;Estonia ;5;13
6704;30.11.1995;ALBANIA;BOSNIA-HERCEGOVINA;1;6
6705;24.04.1996;BUSNIA-HERZEGOVINA;ALBANIA;6;1
6707;08.10.1996;BOŚNIA-HERZEGOVINA;CROATIA;6;27
6709;10.11.96;SLOVENIA;BOSNIA-HERCEGOVINA;47;6
6722;14.05.1998;ARGENTINA;BOSNIA-HERCEGOVINA;58;6
6732;04.09.1999;BOSNIA-НERZEGOVINA;Scotland;6;43
6734;05.10.1999;SCOTLAND;BOSNIA-HERCEGOVINA;43;6
6738;25.04.2000;BOSNIA-HERZEGOVINA;WORLD XI;6;
6739;16.08.2000;BOSNIA-řERZEGOVINA;TURKEY;6;50
6740;02.09.2000;BОS`NIA-HERZEGOVINA;SPAIN;6;48
6741;11.10.2000;ISRAEL;BOSNIA-HERCEGOVINA;24;6
6744;28.03.2001;LIECHTENSTEIN;BOSNIA-HERCEGOVINA;29;6
6750;27.03.2002;Bosnia;MACEDONIA;6;33
6752;21.08.2002;BOSNIA-HERZEGGVINA;Yugoslavia;6;26
6753;07.09.2002;BosNIA-HERZEGGVINA;Romania;6;40
6755;16.10.2002;NORWAY;BOSNIA-HERCEGOVINA;36;6
6757;29.03.2003;BOŚNIA-HERZEGOVINA;LUXEMBOURG;6;31
6777;15.06.1930;BLLGARIA;Yugoslavia;7;26
6779;12.10.1930;BULGARIA;Romania;7;40
6784;17.05.1931;BULGARIA;ITALIA B;7;
6788;20.03.1932;Italy B;Bulgaria;;7
6799;7.06.1933;Yugoslavia;BULGARIA;26;7
6841;29.08.1948;BI.ILGARIA;CZECHOSLOVAKIA;7;8
6864;23.01.1955;LIBANon;BULGARIA;171;7
6876;5.12.1956;BULGARIA;Soviet Union;7;52
6943;23.02.1965;GRESCE;BULGARIA;19;7
6949;27.10.1965;BELGIUІM;BULGARIA;5;7
6954;14.06.1966;Italy;BULGARIA;25;7
6959;13.11.1966;BULGARIA;Norway;7;36
6964;29.06.1967;NORGE;BULGARIA;36;7
6971;6.04.1968;BŮLGARIA;ITALIA;7;25
6973;20.04.1968;Italy;BULGARIA;25;7
6976;9.10.1968;TuRKEY;BULGARIA;50;7
6986;24.05.1969;Italy;BULGARIA;25;7
7002;11.06.1970;BULGARIA;MAROC;7;95
7003;15.11.1970;BULGARIA;Norway;7;36
7007;5.05.1971;BULGARIA;GREAT Britain;7;11138
7009;9.06.1971;NORGE;BULGARIA;36;7
7018;16.04.1972;BULGARIA;POLAND;7;38
7022;21.06.1972;BULGARIA;ITALIA;7;25
7023;11.10.1972;BULGARLA;YUGOSLAVIA B;7;
7028;4.02.1973;INDONEZIA;BULGARIA;159;7
7051;19.06.1974;BULGARA;URUGUAY;7;66
7053;25.09.1974;BULGARIA;Romania;7;40
7057;29.12.1974;Italy;BULGARIA;25;7
7067;21.12.1975;MALTA;Bulgaria;32;7
7070;1.02.1976;JAPAN;BULGARia;162;7
7073;5.05.1976;BULGARIA;NORTH Korea;7;2199
7101;20.09.1978;Italy;BULGARIA;25;7
7124;23.05.1980;NORGE;BULGARIA;36;7
7137;29.04.1981;BULGARIA;Norway;7;36
7141;9.09.1981;RoMANiA;BULGARIA;40;7
7142;23.09.1981;Italy;BULGARIA;25;7
7147;16.12.1981;Bulgaria;PORTUGAL;7;39
7178;4.02.1984;MAROC;BULGARIA;95;7
7204;19.02.1986;MAROC;BULGARIA;95;7
7207;30.04.1986;BULGARIA;NORTH Korea;7;2199
7208;31.05.1986;BULGARIA;ITALIA;7;25
7209;5.06.1986;BULGARIA;South Korea;7;184
7212;10.09.1986;SCOTLAND;BULGARIA;43;7
7235;24.12.1988;UNITED Arab Emirates;BULGARIA;191;7
7241;20.09.1989;Italy;BULGARIA;25;7
7245;12.09.1990;Switzerland;BULGARIA;45;7
7252;1.05.1991;BULGARIA;SwitzERLAND;7;45
7256;29.05.1991;BRASIL;BULGARIA;60;7
7260;25.09.1991;BULGARIA;ITALIA;7;25
7267;28.04.1992;Switzerland;BULGARIA;45;7
7270;06.05.1923;ĆZECHOŚLOVAKIA;DENMARK;8;9
7286;18.02.1993;UNITED Arab Emirates;BULGARIA;191;7
7288;20.02.1993;UNITED Arab Emirates;Bulgaria;191;7
7303;03.07.1926;ĆZECHOSLOVAКIA;SWEDEN;8;44
7308;3.06.1994;BULGARIA;UKRAINE;7;53
7319;18.09.1927;CZEĆHOSLOVAKIA;AUSTRIA ;8;37
7322;13.07.1994;Italy;BULGARIA;25;7
7359;2.06.1996;BULGARIA;UNITED Arab Emirates;7;191
7388;10.09.1997;BULGARIA;RUSSIA ;7;41
7423;23.09.1934;AUŚTRIA;CZECHOSLOVAKIA;37;8
7427;19.05.1999;SLOVAKIA;BULGARIA;46;7
7434;18.08.1999;UKRAINA;BULGARIA;53;7
7451;15.05.1937;CZECHOSLOVAKIA;Scotland;8;43
7452;26.04.2000;BULGARIA;UKRAINE;7;53
7467;28.01.2001;Jamaica;BULGARIA;134;7
7476;25.04.2001;NORGE;BULGARIA;36;7
7481;28.08.1938;Yugoslavia;CZECHOSLOVAKIA;26;8
7523;10.09.2003;ANDORRA;bulgaria;2;7
7573;13.10.1957;AUSTRIλ;CZECHOSLOVAKIA;37;8
7587;10.05.1959;CZECHOSLOVAKIA;Ireland;8;22
7637;19.10.1966;Yugoslavia;Czechoslovakia;26;8
7665;25.10.1970;CZEĆHOŚLOVAKIA;POLAND;8;38
7667;16.05.1971;CZEĆHOSLOVAKLA;Romania;8;40
7702;24.09.1975;CZECHOSLOVAKIA;Switzerland;8;45
7767;18.08.1981;CZECHOSLOVAKIA;EUROPE xi;8;
7773;03.03.1982;BRAZIL;CZECHOSLOVAKIA;60;8
7811;10.08.1986;AUŚTRALIA;CZECHOSLOVAKIA;194;8
7840;04.04.1990;CZECHOSLOVAKIA;EGYIPT;8;68
7856;05.06.1991;ICELANI);CZECHOSLOVAKIA;23;8
7863;04.01.1992;EGYIPT;CZECHOSLOVAKIA;68;8
7889;08.05.1995;Slovakia;CZECH;46;49
7917;24.08.1997;Slovakia;Czech;46;49
7920;11.10.1997;CZECH;Slovakia;49;46
7921;3.12.1997;CZECH;South Africa;49;109
7923;17.12.1997;UNITED Arab Emirates;CZECH;191;49
7930;27.05.1998;South Korea;CZECH;184;49
7941;09.06.1999;CZECH;Scotland;49;43
7991;27.11.1960;ISRAEL;Cyprus;24;57
8005;27.11.1960;ISRAEL;Cyprus;24;57
8026;03.02.1971;ĆYPRUS;NORTHERN IRELAND ;57;35
8027;21.04.1971;Northern Ireland;Cyprus;35;57
8029;07.06.1971;Soviet Union;CYPRUS;52;57
8031;29.03.1972;PORTUGAL;Cyprus;39;57
8052;30.01.1977;CYPRUŚ;BULGARIA;57;7
8054;16.11.1977;PORTUGAL;Cyprus;39;57
8072;05.12.1981;FRANCE;Cyprus;16;57
8077;22.12.1982;GREECE;Cyprus;19;57
8093;07.05.85;AUSTRIA;Cyprus;37;57
8115;31.10.1990;HUNGARY;CYPRUS ;54;57
8119;03.04.1991;CYPRUS;Hungary;57;54
8121;29.05.91;Soviet Union;Cyprus;52;57
8126;25.03.1992;ĆYPRUS;GREECE;57;19
8131;14.10.1992;CYPRUS;WALES;57;55
8134;22.12.1992;ĆYPRUS;GEORGIA;57;17
8146;08.10.1994;ARMENZA;CYPRUS;3;57
8148;29.11.1994;ISRAEL;CYPRUS;24;57
8149;17.12.1994;Macedonia;CYPRUS;33;57
8152;15.02.1995;ĆYPRUS;ESTONIA;57;13
8153;08.03.1995;CYPRUS;Sweden;57;44
8158;11.10.1995;CYPRUS;Macedonia;57;33
8177;19.08.1997;GREECE;Cyprus;19;57
8183;05.09.1998;CYPRUS;SPAiN;57;48
8188;10.02.1999;CÝPRUS;San Marino;57;42
8194;10.10.1999;Austria;CYPRUS;37;57
8195;02.02.2000;CYPRUS;Lithuania;57;30
8204;26.02.2001;CYPLUS;Lithuania;57;30
8205;28.02.2001;CYPLUs;UKRAINE;57;53
8257;06.10.1918;DENIMARK;NORWAY;9;36
8266;10.10.1920;ŚWEDEN;DENMARK;44;9
8273;10.09.1922;NORWAY;Denmark;36;9
8435;04.11.1956;DENMARK;HOLLAND ;9;21
8446;15.05.1958;DENMARK;DUTCH Antilles;9;142
8482;11.09.1962;DENMARK;DUTCH Antilles;9;142
8543;15.01.1969;SURINAM;DENMARK;148;9
8579;07.06.1972;DENMARK;Finland;9;15
8600;10.03.1974;DAHOMEY;DENMARK;9;9
8635;24.05.1978;DENMARK;Ireland;9;22
8670;20.05.1982;AUSтRIA;DENMARK;37;9
8702;12.69.1984;DENMARK;Austria;9;37
8736;18.11.1987;іЯ;West Germany Olymp;;
8744;11.06.1988;ŚPAIN;DENMARK;48;9
8805;03.06.1992;DENMARK;C.I.S.;9;51
8854;07.03.1891;ENGLAND;Wales;12;55
8868;13.03.1893;ENGLAND;Wales;12;55
8874;12.03.1894;WALES;ENGLANЛ;55;12
8894;14.08.1996;SWEDEN;DENMARK;44;9
8909;20.08.1997;BOŚNIA-HERZEGOVINA;DENMARK;6;9
8938;05.09.1998;BELGRUS;DENMARK;56;9
8941;01.04.1905;ENGLAND;Scotland;12;43
8946;07.04.1906;SCOTLAND;ENGLAND;43;12
8951;05.06.1999;DENMARK;BELARUS ;9;56
8952;06.04.1907;ENGLAND;Scotland;12;43
8957;04.04.1908;SCOTLAND;ENGLANЛ;43;12
9023;26.05.2002;DENMARK;Tunisia;9;115
9040;03.03.1924;ENGLANT);WALES;12;55
9048;02.04.2003;DENMARK;Bosnia-HERCEGOVINA;9;6
9062;11.10.2003;Bosnia;DENMARK;6;9
9132;26.10.1938;ENGLAND;Fifa World XI;12;
9194;21.10.1953;ENGLAND;F.I.F.A.-WORLD;12;
9285;23.10.1963;ENGLAND;Fifa World XI;12;
9326;24.05.1967;ENGLAND;Spain;12;48
9338;06.11.1968;RoMANiA;ENGLAND;40;12
9420;30.03.1977;ENGLAND;LUXEMBOURG;12;31
9510;01.07.1927;SWEDEN;Estonia;44;13
9512;10.08.1927;EŚTONIA;FINLAND;13;15
9530;25.07.1929;Estonia;FINLAND;13;15
9536;27.08.1929;FINLAND;Estonia;15;13
9540;27.06.1930;EŚTONIA;Latvia;13;28
9582;11.06.1933;SWEDEN;Estonia;44;13
9595;29.06.1934;LITHUANIA;Estonia;30;13
9601;12.06.1935;LATVIA;Estonia ;28;13
9661;04.08.1939;FINLAŃD;ESTONIA;15;13
9680;07.04.1993;SLOVENIA;Estonia;47;13
9682;14.04.1993;ITALY;Estonia ;25;13
9692;04.07.1993;ESTONIA;Lithuania;13;30
9711;7.03.1991;ENGLAND;Ireland;12;22
9714;30.07.1994;LATVIA;Estonia;28;13
9722;26.10.1994;EŚTONIA;FINLAND;13;15
9737;29.04.1992;C.I.S.;ENGLAND;51;12
9752;16.02.1996;ESTONIA;AZERBAIDJAN;13;4
9756;24.02.1996;Estonia;F�r�er;13;14
9762;07.07.1996;ESTONIA;Latvia;13;28
9781;01.03.1997;ESTONIA;AZERBAIDJAN;13;4
9789;04.06.1997;ESTONIA;AZERBAIDJAN;13;4
9803;20.08.1997;Estonia;AUSTRIA;13;37
9808;27.11.1997;PHILLIPINES;ESTONIA;180;13
9826;23.09.1998;ESTONIA;EGYIPT;13;68
9828;10.10.1998;SCOTLAND;estonia;43;13
9861;09.10.1999;ESTONIA;BOSNIA-HERCEGOVINA;13;6
9866;22.06.1998;RoMANiA;ENGLAND;40;12
9878;04.06.2000;EŚTONIA;BELARUS;13;56
9904;06.06.2001;ESTONIA;Ireland;13;22
9965;15.11.2003;ALBANIA;Estonia;1;13
10034;19.08.1998;BOSNIA;F�r�er;6;14
10050;07.11.2000;Switzerland;FAROE;45;14
10056;15.08.2001;Yugoslavia;FAROE;26;14
10098;05.07.1925;ESTONIA;FINLAND;13;15
10099;10.07.1925;FINLAND;Austria;15;37
10102;27.09.1925;DENIMARK;FINLAND;9;15
10103;06.06.1926;FINLAM);NORWAY;15;36
10114;12.08.1928;FINLAND;estonia;15;13
10138;17.08.1932;Estonia;FINLAND;13;15
10163;27.09.1936;FINLAND;Sweden;15;44
10172;04.07.1938;FINLAŃD;SWEDEN;15;44
10176;09.06.1939;SWEDEN;FiNLAND;44;15
10178;20.07.1939;FINLAND;Italy;15;25
10189;26.08.1945;SWEDEN;FiNLAND;44;15
10227;04.08.1952;FINLAND;China;15;155
10237;25.05.1954;FINLAIiD;Scotland;15;43
10256;27.07.1957;Soviet Union;FINLAND;52;15
10279;30.10.1960;EAST Germany;Finland;10;15
10280;16.06.1961;FINLAND;BULGARIn;15;7
10286;19.06.1962;FINLAND;Sweden;15;44
10291;22.07.1963;Soviet Union;"ГіЃLАІ""D";52;
10313;18.09.1966;FINLAND;Denmark;15;9
10316;10.05.1967;FINLAND;Greece;15;19
10317;24.05.1967;FINLAND;HOLLAND;15;21
10323;24.09.1967;AUSTRIA;FINLAND;37;15
10330;11.09.1968;Finland;Sweden;15;44
10334;15.05.1969;FINLAND;Holland amateur;15;
10341;15.10.1969;SPAIN;FINLAND;48;15
10352;25.08.1971;FiNLAND;NORWAY;15;36
10354;22.09.1971;FINLAND;Romania;15;40
10355;13.10.1971;WALES;Finland;55;15
10366;06.06.1973;FiNLAND;EAST Germany;15;10
10378;15.05.1975;FiNLAND;NORWAY;15;36
10379;5.06.1975;FINLANΠ;ITALY;15;25
10382;03.09.1975;HOLLAND;Finland;21;15
10384;19.05.76;Finland;Switzerland;15;45
10422;28.06.1978;SWEDEN;Finland;44;15
10429;09.02.1979;BAHRAIN;FiNLAND;152;15
10430;10.05.1979;Denmark Olymp;Finland;;15
10432;04.07.1979;FINLAND;Soviet Union;15;52
10439;26.10.1979;Norway Olympic;Finland Olympic;;
10456;13.05.1981;BULGARIA;FiNLAND;7;15
10458;17.06.1981;AUŚTRIA;FINLAND;37;15
10470;08.09.1982;FINLAND;POLAND;15;38
10471;22.09.1982;FINLAND;PORTUGAL;15;39
10480;22.06.1983;DENMARK olymp;FINLAND;;15
10489;27.05.1984;FINLAND;NORTIIERN Ireland;15;35
10497;23.01.1985;SPAIN;Finland;48;15
10503;22.05.1985;FINLAND;ENGLAND;15;12
10504;06.06.1985;Finland;Romania;15;40
10518;01.04.1987;WALES;Finland;55;15
10535;08.03.1908;Switzerland;FRANCE;45;16
10540;19.05.1988;FINLAND;Colombia;15;63
10547;17.08.1988;FINLAŃD;Soviet Union;15;52
10549;31.08.1988;FINLAND;WEST Germany;15;11
10555;06.11.1988;Kuwait;FINLAND;169;15
10562;08.02.1989;ALGERIA;FiNLAND;69;15
10567;28.01.1912;FRANCE;Belgium;16;5
10573;12.01.1913;FRANCE;Italy;16;25
10579;22.10.1989;TRINIDAD;FINLAND;149;15
10581;25.10.1989;TRINiDAd;FINLAND;149;15
10585;12.02.1990;UNITED Arab Emirates;FINLAND;191;15
10588;29.03.1914;ITALY;France;25;16
10590;10.03.1990;United states;FINLAND;151;15
10596;29.08.1990;FINLAND;CZECHOSLOVAKIA;15;8
10601;11.11.1990;TUNISIA;FINLAND;115;15
10609;16.05.1991;FiNLAND;MALTA;15;32
10624;15.04.1992;BRASIL;Finland;60;15
10633;09.09.1992;FINLAND;Sweden;15;44
10640;11.11.1924;BELGIUNI;FRANCE;5;16
10641;22.01.1993;CAMEROOŃ;FINLAND;85;15
10668;10.11.1993;ISRAEL;Finland;24;15
10669;21.02.1928;France;Ireland;16;22
10670;25.01.1994;QATAr;FINLAND;167;15
10691;26.10.1994;Estonia;FINLAND;13;15
10701;16.02.1995;TRINIDAD;FINLAND;149;15
10734;12.02.1933;FRANCE;Australia;16;194
10739;26.03.1933;FRANCE;Belgium;16;5
10747;21.02.1997;Malaysia;FINLAND;173;15
10768;09.02.1998;SLOVAKIA;FINLAND;46;15
10824;06.12.1945;Austria;FRANCE;37;16
10831;05.05.1946;FRANCE;AUSTRIA;16;37
10832;02.09.2000;FINLAND;Albania;15;1
10843;15.02.2001;Kuwait;FINLAND;169;15
10845;18.02.2001;Oman;FINLAND;177;15
10846;04.04.1948;FRANCE;itALY;16;25
10850;28.02.2001;Luxembourg;Finland;31;15
10854;25.04.2001;HUNGARY;FINLAND;54;15
10861;15.08.2001;FINLAND;Belgium;15;5
10863;09.10.1949;Yugoslavia;FRANCE;26;16
10877;06.02.1951;France;Yugoslavia;16;26
10882;03.06.1951;Italy;FRANCE;25;16
10896;26.01.2003;BARBADOS;FiNLAND;122;15
10898;29.01.2003;TRINIDAD;FINLAND;149;15
10913;11.11.1953;FRANCE;Switzerland;16;45
10934;28.04.2004;BOSNIA;Finland;6;15
10989;03.10.1962;ENGLAND;France;12;16
10999;25.12.1963;FRANCE;Belgium;16;5
11023;17.09.1967;POLANI);FRANCE;38;16
11052;08.04.1972;RoMANiA;FRANCE;40;16
11053;11.06.1972;FRANCE;CENTRAL America XI;16;
11054;15.06.1972;FRANCE;AFRICA XI;16;
11055;18.06.1972;FRANCE;Colombia;16;63
11060;03.03.1973;FRANCE;PORTugal;16;39
11062;26.05.1973;Soviet Union;FRANCE;52;16
11074;25.05.1975;ICELAND;France;23;16
11075;03.09.1975;FRANCE;ICELAND;16;23
11084;23.02.1977;FRANCE;West Germany;16;11
11086;23.04.1977;Switzerland;FRANCE;45;16
11088;08.10.1977;FRANCE;SOViet Union;16;52
11089;16.11.1977;France;BulgARIA;16;7
11164;17.11.1993;FRANCE;Bulgaria;16;7
11165;16.02.1994;Italy;France;25;16
11168;29.05.1994;JAPAN;France;162;16
11170;07.09.1994;SLOVAKIA;FRANCE;46;16
11172;16.11.1994;POLAND;France;38;16
11178;22.07.1995;Norway;France;36;16
11211;15.11.1995;MOLDOVA;Georgia;34;17
11212;04.09.1999;UKRAINE;France;53;16
11214;08.09.1999;Armenia;France;3;16
11216;09.01.1999;FRANCE;Iceland;16;23
11217;08.05.1996;CREECE;Georgia;19;17
11218;13.11.1999;FRANCE;Croatia;16;27
11230;10.10.1998;Estonia;GEORGIA;13;17
11234;28.03.2001;SPAIN;FRANCE;48;16
11247;08.09.1999;GEORGIA;Latvia;17;28
11249;09.05.2001;GEORGIA;AZERBAIJAN;17;4
11275;06.09.2003;FRANCE;CYprus;16;57
11276;11.10.2003;France;ISRAEL;16;24
11298;09.06.1999;AŃDORRA;FRANCE;2;16
11318;17.11.1993;FRANCE;BULGARIA;16;7
11320;22.03.1994;France;Chile;16;61
11330;26.04.1995;FRANCE;Slovakia;16;46
11377;12.06.1984;FRANCE;DENMARK;16;9
12338;07.04.1879;WALES;Scotland;55;43
12339;15.03.1880;WALES;ENGLAND;55;12
12375;28.06.1932;RoMANiA;GREECE;40;19
12402;21.05.1936;BULGARiA;GREECE;7;19
12407;22.01.1938;Palestine;Greece;179;19
12409;20.02.1938;GREECE;palestine;19;179
12412;23.04.1948;GREECE;TURkEY;19;50
12413;24.03.1894;SCOTLAND;Wales;43;55
12414;28.11.1948;TuRKEY;GREECE;50;19
12453;23.03.1901;IRELAND;Wales;22;55
12458;28.03.1954;GREECE;Yugoslavia;19;26
12459;15.03.1902;SCOTLAND;WALES;43;55
12487;04.03.1907;WALES;Scotland;55;43
12516;11.03.1912;WALES;ENGLAND;55;12
12608;07.12.1932;WALES;NORTHERN Ireland;55;35
12624;17.01.1973;GREECE;Spain;19;48
12683;21.09.1977;RoMANiA;GREECE;40;19
12691;15.02.1978;GREECE;AuSTRIA;19;37
12692;08.12.1951;WALES;Rest of United Kingdom;55;
12703;18.06.1978;Australia;Greece;194;19
12722;12.09.1979;GREEĆE;Soviet Union;19;52
12729;01.04.1980;Switzerland;Greece;45;19
12763;14.11.1981;Italy;GREECE;25;19
12777;19.04.1961;WALES;Spain;55;48
12806;14.12.1983;GREECE;LUXEMBOURG;19;31
12811;21.10.1964;DENNIARK;WALES;9;55
12953;12.10.1977;WALES;Scotland;55;43
12960;13.05.1978;WALES;ENGLAND;55;12
12971;19.05.1979;WALES;Scotland;55;43
12991;12.02.1992;GREECE;Romania;19;40
12994;19.11.1980;WALES;CZECHOSLOVAKIA;55;8
13004;17.02.1993;GREECE;LUXEMBOURG;19;31
13030;05.06.1994;COLONIBiA;GREECE;63;19
13035;12.10.1983;WALES;Romania;55;40
13050;08.02.1995;GREECE;Romania;19;40
13062;10.09.1985;WALES;Scotland;55;43
13066;25.02.1986;SAUDi Arabia;WALES;181;55
13077;18.02.1987;WALES;Soviet Union;55;52
13084;14.10.1987;DENMARK;WALES;9;55
13087;23.03.1988;WALES;Yugoslavia;55;26
13103;19.08.1997;GREECE;Cyprus;19;57
13111;25.04.1990;SWEDEN;Wales ;44;55
13157;14.12.1999;GREECE;Ghana;19;82
13198;14.04.1907;BELGIUМ;HOLLAND;5;21
13205;19.03.1908;Belgium;HOLLAND;5;21
13241;10.10.1998;DENNIARK;WALES;9;55
13248;10.03.1912;BELGIUM;HOLLAND;5;21
13266;28.08.1920;HOLLAND;LUXEMBOURG;21;31
13289;26.03.1922;BELGIOM;HOLLAND;5;21
13296;15.11.2003;PORTUGAL;Greece;39;19
13303;31.03.2004;GREECE;Switzerland;19;45
13305;27.03.2002;WALES;CZECH;55;49
13316;27.04.1924;Belgium;HOLLAND;5;21
13318;12.06.2004;PORTIIGAL;GREECE;39;19
13320;20.11.2002;AZERBAIIAN;WALES;4;55
13325;20.06.2004;RuSSIA;GREECE;41;19
13326;29.03.2003;WALES;AZERBALIAN;55;4
13329;09.06.1924;HOLLAND;Sweden;21;44
13356;18.08.2004;Latvia;WALES;28;55
13371;30.03.2005;AUSTRIλ;WALES;37;55
13491;16.11.1955;SAAR;HOLLAND;10119;21
13495;06.06.1956;HOLLAND;SAAR;21;10119
13503;26.05.1957;AUSTRIÁ;HOLLAND;37;21
13508;23.04.1958;HOLLAND;Curacao;21;10402
13511;28.09.1958;BELGIUIII;HOLLAND;5;21
13525;29.06.1960;NETHERLAND Antilles;Holland;142;21
13526;03.07.1960;SURINAM;HOLLAND;148;21
13538;05.09.1962;HOLLAND;NETHERLAND Antilles;21;142
13629;22.11.1975;Italy;HOLLAND;25;21
13674;22.02.1981;HOLLAND;CyPRUS;21;57
13689;27.04.1983;HOLLAND;Sweden;21;44
13692;12.10.1983;Ireland;HOLLAND;22;21
13770;26.04.1989;HOLLAND;WEST Germany;21;11
13779;15.11.1997;UKRAINA;CROATIA;53;27
13797;31.03.1999;UKRAINE;Ireland;53;22
13828;15.06.1992;HOLLAND;C.I.S.;21;51
13837;06.06.2001;UKRAINE;Wales;53;55
13862;21.08.2002;UKRAINE;Iran;53;161
13864;07.09.2002;Armenia;UKRAINE;3;53
13869;20.11.2002;Slovakia;UKRAINE;46;53
13871;12.02.2003;TuRKEY;UKRAINE;50;53
13873;;UKRAINE;SPAIN;53;48
13877;30.04.2003;DENMARK;UKRAINE;9;53
13879;;UKRAINE;ARMENIA;53;3
13881;;GREECE;UKRAINE;19;53
13890;11.10.2003;UKRAiNE;MACEDONIA;53;33
13900;;ENGLAND;UKRAINE;12;53
13909;;TuRKEY;UKRAINE;50;53
13918;04.06.2005;UKRAINE;KAZλKHSTAN;53;166
13946;04.06.1997;SOUTH AFRICA;HOLLAND;109;21
13958;27.05.1998;HOLLAND;KAMERUN;21;85
14023;25.06.2000;HOLLAND;Yugoslavia;21;26
14161;02.10.1931;TuRKEY;Yugoslavia;50;26
14179;02.08.1948;TuRKEY;China;50;155
14214;25.05.1953;Switzerland;TURKEY;45;50
14234;18.12.1955;TuRKEY;PORTUGAL;50;39
14272;01.06.1961;NORWAY;Turkey;36;50
14288;10.10.1962;TuRKEY;Ethiopia;50;72
14293;02.12.1962;Italy;Turkey;25;50
14295;12.12.1962;TuRKEY;DENMARK;50;9
14313;19.04.1965;TuRKEY;PORTUGAL;50;39
14324;09.10.1965;TuRKEY;CZECHOSLOVAKIA;50;8
14328;21.11.1965;CZEĆHOSLOVAКIA;TURKEY;8;50
14385;06.10.1946;HUNGARY;AUSTRIA ;54;37
14400;14.09.1947;Austria;HUNGARY;37;54
14401;13.01.1973;iTALY;TURKEY ;25;50
14404;21.04.1948;HUNGARY;Switzerland;54;45
14407;02.05.1948;Austria;HUNGARY;37;54
14408;23.05.1948;HUNGARY;CSSR;54;8
14417;03.10.1948;HUNGARY;Austria;54;37
14420;13.11.1974;TuRKEY;AUSTRIA;50;37
14424;10.04.1949;CSSR;HUNGARY;8;54
14487;05.07.1953;SWEDEN;HUNGARY;44;54
14500;09.09.1981;iCELAND;TURKEY;23;50
14506;22.09.1982;HUNGARY;TURKEY;54;50
14516;30.03.1983;IRELAND;TURKEY;22;50
14525;16.11.1983;TuRKEY;AUSTRIA;50;37
14530;03.03.1984;TuRKEY;iTALY;50;25
14532;11.03.1984;LUXEMВOURG;Turkey;31;50
14544;28.03.1985;AI.BANIA;TURKEY;1;50
14582;12.10.1988;TuRKEY;iCELAND;50;23
14588;29.03.1989;GREEĆE;TURKEY;19;50
14601;11.04.1990;DENNIARK;TURKEY;9;50
14641;23.09.1992;POLАND;TURKEY;38;50
14661;23.02.1994;TuRKEY;CZEch;50;49
14670;12.10.1994;TuRKEY;iCELAND;50;23
14679;29.03.1995;TuRKEY;SWEDEN;50;44
14685;07.06.1995;CANADA;Turkey;136;50
14690;18.06.1995;PARAGUAY;Turkey;64;50
14696;30.08.1995;TuRKEY;MACEDONiA;50;33
14704;15.11.1995;SWEDEN;Turkey;44;50
14711;09.04.1996;AZERBAiJAN;TURKEY;4;50
14720;11.06.1996;CROATIA;Turkey;27;50
14742;30.04.1997;TuRKEY;Belgium;50;5
14744;12.06.1997;CROATiλ;TURKEY;27;50
14753;11.10.1997;HOLLAND;TURKEY ;21;50
14794;16.08.2000;Bosnia;TURKEY;6;50
14801;11.10.2000;AZERBAIJAN;Turkey;4;50
14807;24.03.2001;TuRKEY;Slovakia;50;46
14814;02.06.2001;TuRKEY;AZERBAiJAŃ;50;4
14821;01.09.2001;SLOVAKIA;TURKEY;46;50
14825;06.10.2001;MOLDOVA;Turkey;34;50
14836;17.04.2002;TuRKEY;CHILE;50;61
14846;13.06.2002;TuRKEY;China;50;155
14852;26.06.2002;BRAZIL;TURKEY;60;50
14857;07.09.2002;TuRKEY;Slovakia;50;46
14862;16.10.2002;TuRKEY;LIECHTENSTEIN;50;29
14864;20.11.2002;ITALY;TURKEY;25;50
14909;21.05.2004;AUSTRALIA;TURKEY;194;50
14973;18.06.1982;Hungary;ARGENTINA;54;58
14993;22.08.1984;HUNGARY;Switzerland;54;45
15006;30.01.1986;ASIA XI;HUNGARY;;54
15007;01.02.1986;ASIA XI;HUNGARY;;54
15105;04.05.1913;Switzerland;BELGIUM;45;5
15112;05.04.1914;Italy;Switzerland;25;45
15130;06.06.1920;SWEDEN;Switzerland;44;45
15142;11.06.1922;AUSTRIA;SWITZERLAND;37;45
15144;15.06.1922;HUNGARY;Switzerland;54;45
15158;17.06.1923;DENNIARK;Switzerland;9;45
15165;20.04.1924;SWITZERLAND;Denmark;45;9
15172;30.05.1924;SWITZERLAND;CzechosLOVAKIA;45;8
15181;22.03.1925;AUSTRIA;Switzerland;37;45
15220;14.10.1928;SWITZERLAND;Italy;45;25
15233;06.10.1929;czeCHOSLOVAKIA;Switzerland;8;45
15239;23.03.1930;FRANCE;SwitzERLAND;16;45
15276;14.11.2001;HUNGARY;Macedonia;54;33
15281;14.02.02;Switzerland;HUNGARY;45;54
15300;14.10.1934;SWITZERLAND;CzechosLOVAKIA;45;8
15307;17.03.1935;CZECHOSLOVAКIA;SwitZERLAND;8;45
15329;21.06.1936;SWEDEN;SwitZERLAND;44;45
15334;21.02.1937;CzeCHOSLOVAKIA;SWITZERLAND;8;45
15343;19.09.1937;AUSTRiA;SWITZERLAND;37;45
15370;28.12.1941;SPAIN;SwitzERLAND;48;45
15381;11.11.1945;SWITZERLAND;Italy;45;25
15393;02.11.1947;Switzerland;BELGIUM;45;5
15407;19.03.1950;AUSTRiA;SWITZERLAND;37;45
15413;15.10.1950;Switzerland;HOLLAND;45;21
15446;26.06.1955;Yugoslavia;SWITZERLAND;26;45
15451;01.05.1956;SAAR;SWITZERLAND;10119;45
15476;20.05.1961;Switzerland;BELGIUM;45;5
15482;03.06.1962;West Germany;SWITZERLAND;11;45
15490;11.11.1963;FRANCE;Switzerland;16;45
15510;02.11.1966;Romania;SWITZERLAND;40;45
15515;08.11.1967;SWITZERLAND;Cyprus;45;57
15532;17.10.1970;Switzerland;ITALY;45;25
15555;04.09.1974;SWiTZERLAND;WEST GERMANY;45;11
15560;30.04.1975;SWITZERLAND;TURKEY;45;50
15568;30.04.1976;SWITZERLAND;Hungary;45;54
15570;19.05.1976;FINLAND;SWiTZERLAND;15;45
15605;21.12.1980;BRAZIL;Switzerland;60;45
15607;28.04.1981;Switzerland;HUNGARY;45;54
15611;10.10.1981;Romania;SWITZERLAND;40;45
15635;06.12.1983;KENYA;SWITZERLAND;87;45
15645;05.02.1985;SWITZERLAND;Bulgaria;45;7
15661;24.09.1986;SWEDEN;Switzerland;44;45
15668;18.08.1987;SWITZERLAND;AUSTRiA;45;37
15672;16.12.1987;ISRAEL;Switzerland;24;45
15676;28.05.1988;SWITZERLAŃD;ENGLAND;45;12
15678;24.08.1988;SWiTZERLAND;YUGOSLAVIA;45;26
15679;21.09.1988;Luxembourg;SWITZERLAND;31;45
15680;19.10.1988;BELGIUM;Switzerland;5;45
15697;17.10.1990;SCOTLAND;Switzerland;43;45
15701;03.02.91;SWITZERLAND;Colombia;45;63
15710;26.01.1992;United Arab Emirates;SWITZERLAND;191;45
15721;31.03.1993;SWITZERLAND;PORTUGAL;45;39
15736;22.06.1994;SWITZERLAND;Romania;45;40
15756;08.06.1996;ENGLAND;Switzerland;12;45
15762;07.02.1997;Hongkong;SWITZERLAND;157;45
15766;06.08.1997;Slovakia;SWITZERLAND;46;45
15769;10.09.1997;NORWAY;Switzerland;36;45
15797;15.11.2000;Tunisia;SWITZERLAND;115;45
15839;04.06.2005;FAROE ISLANDS;Switzerland;14;45
15860;25.05.1913;Denmark;SWEDEN;9;44
15866;21.06.1914;SWEDEN;Hungary;44;54
15869;25.10.1914;Sweden;NORWAY;44;36
15873;31.10.1915;Sweden;Denmark;44;9
15878;08.10.1916;SWEDEN;Denmark;44;9
15890;29.06.1919;NORIVAY;SWEDEN;36;44
15896;06.06.1920;SWEDEN;Switzerland;44;45
15903;10.10.1920;SWEDEN;Denmark;44;9
15910;09.10.1921;Sweden;Denmark;44;9
15911;06.11.1921;Hungary;SWEDEN;54;44
15934;15.06.1924;DENMARK;Sweden;9;44
15942;09.06.1925;SWEDEN;Finland;44;15
15958;03.10.1926;DENMARK;SWEDEN;9;44
15961;03.04.1927;BELGiUM;SWEDEN;5;44
15966;01.07.1927;SWEDEN;EstONiA;44;13
15967;04.09.1927;SWEDEN;Belgium;44;5
15968;06.11.1927;Switzerland;SWEDEN;45;44
15973;09.07.1928;ESTONIA;Sweden;13;44
15992;28.09.1930;FINLAŃD;SWEDEN;15;44
15995;28.06.1931;SWEDEN;DENMARK;44;9
16000;08.11.1931;HUNGARY;Sweden;54;44
16004;19.06.1932;DENNIARK;SWEDEN;9;44
16014;18.06.1933;SWEDEN;DENMARK;44;9
16017;04.07.1933;LATViA;SWEDEN;28;44
16024;0107.1934;SWEDEN;Norway;44;36
16031;09.07.1935;Estonia;SWEDEN;13;44
16044;20.06.1937;SWEDEN;Estonia;44;13
16046;27.06.1937;RoMANiA;Sweden;40;44
16062;11.06.1939;SWEDEN;Lithuania;44;30
16067;22.09.1940;SWEDEN;FINLAND;44;15
16079;12.09.1943;SWEDEN;Hungary;44;54
16101;09.06.1948;HOLLAND;SWEDEN;21;44
16104;05.08.1948;SWEDEN;South KOREA;44;184
16106;13.08.1948;SWEDEN;Yugoslavia;44;26
16108;19.09.1948;FiNLANЛ;SWEDEN;15;44
16109;10.10.1948;SWEDEN;Denmark;44;9
16117;13.11.1949;Ireland;Sweden;22;44
16129;12.11.1950;Switzerland;SWEDEN;45;44
16133;02.09.1951;Yugoslavia;SWEDEN;26;44
16138;14.11.1951;TuRKEY;SWEDEN;50;44
16147;28.07.1952;Hungary;SWEDEN;54;44
16153;28.05.1953;SWEDEN;Belgium;44;5
16155;21.06.1953;DENNIARK;SWEDEN;9;44
16156;05.07.1953;SWEDEN;Hungary;44;54
16159;08.10.1953;BELGIUNI;SWEDEN;5;44
16161;08.11.1953;SPAIN;Sweden;48;44
16171;31.10.1954;SWEDEN;AUSTRiA;44;37
16180;20.11.1955;PORTI:GAL;SWEDEN;39;44
16195;07.05.1958;SWEDEN;Switzerland;44;45
16204;26.10.1958;SWEDEN;Denmark;44;9
16205;21.05.1959;SWEDEN;PORTUGAL;44;39
16216;23.10.1960;SWEDEN;Denmark;44;9
16220;18.06.1961;DENMARK;SWEDEN;9;44
16222;04.10.1961;BELGiUNi;SWEDEN;5;44
16223;22.10.1961;Sweden;NORWAY;44;36
16227;18.04.1962;SWEDEN;SOViet Union;44;52
16234;16.11.1962;THAILAND;Sweden;188;44
16253;05.05.1965;SWEDEN;Cyprus;44;57
16255;16.06.1965;Sweden;ITALY;44;25
16294;25.06.1969;DENMARK;SWEDEN;9;44
16306;25.06.1970;SWEDEN;Denmark;44;9
16312;20.05.1971;SWEDEN;FiNLAND;44;15
16315;20.06.1971;DENNIARK;SWEDEN;9;44
16322;25.05.1972;SWEDEN;Hungary;44;54
16332;08.07.1973;SWEDEN;Finland;44;15
16336;29.09.1973;Italy;SWEDEN;25;44
16350;13.10.1974;ĆZECHOSLOVAКLА;SWEDEN;8;44
16354;04.06.1975;SWEDEN;Yugoslavia;44;26
16359;15.10.1975;Yugoslavia;SWEDEN;26;44
16363;11.05.1976;SWEDEN;DENMARK;44;9
16373;15.06.1977;DENIMARK;SWEDEN;9;44
16376;09.09.1977;NORWAY;Sweden;36;44
16398;10.10.1979;ĆZECHOSLOVAКiA;SWEDEN;8;44
16399;23.10.1979;LUXENIBOURG;SWEDEN;31;44
16400;14.11.1979;Malaysia;SWEDEN;173;44
16407;20.08.1980;HUNGARY;Sweden;54;44
16408;10.09.1980;SWEDEN;Scotland;44;43
16415;03.06.1981;ŚWEDEN;NORTHERN Ireland;44;35
16417;29.07.1981;Sweden;FINLAND;44;15
16420;23.09.1981;GREECE;Sweden;19;44
16422;28.10.1981;SAUDi Arabia;SWEDEN;181;44
16436;22.06.1983;SWEDEN;BRAZIL;44;60
16441;16.11.1983;TRINIDAD&TOBAGO;SWEDEN;149;44
16442;19.11.1983;CARBADOS;SWEDEN;122;44
16450;26.09.1984;ITALY;Sweden;25;44
16455;05.06.1985;Sweden;CZECHOSLOVAKIA;44;8
16460;17.11.1985;Italy;SWEDEN;25;44
16474;26.08.1987;SWEDEN;Denmark;44;9
16483;01.06.1988;ŚPAIN;SWEDEN;48;44
16484;31.08.1988;SWEDEN;Denmark;44;9
16497;14.02.1990;UNITED Arab Emirates;SWEDEN;191;44
16498;17.02.1990;UNITED Arab Emirates;SWEDEN;191;44
16507;05.09.1990;SWEDEN;Denmark;44;9
16508;26.09.1990;SWEDEN;BULGARIA;44;7
16513;13.06.1991;Sweden;Soviet Union;44;52
16514;15.06.1991;SWEDEN;Denmark;44;9
16521;02.02.1992;AUSTRALiA;SWEDEN;194;44
16525;10.06.1992;Sweden;FRANCE;44;16
16547;26.05.1994;DENNIARК;SWEDEN;9;44
16550;20.06.94;SWEDEN;Cameroon;44;85
16557;17.08.1994;SWEDEN;Lithuania;44;30
16571;15.11.1995;SWEDEN;Turkey ;44;50
16574;28.02.1996;AUSTRALIA;Sweden;194;44
16576;09.05.1996;SWEDEN;Slovakia;44;46
16580;01.09.1996;LATVIA;Sweden;28;44
16585;09.02.1997;SWEDEN;Romania;44;40
16591;16.02.1997;THAILAND;SWEDEN;188;44
16602;08.06.1997;Estonia;SWEDEN;13;44
16621;22.04.1998;SWEDEN;FRANCE;44;16
16652;08.09.1999;LUXENIBOLRG;SWEDEN;31;44
16678;16.08.2000;Iceland;Sweden;23;44
16686;31.01.2001;SWEDEN;FAROR;44;14
16699;28.02.2001;MALTA;Sweden;32;44
16704;28.03.2001;Moldova;SWEDEN;34;44
16708;02.06.2001;SWEDEN;Slovakia;44;46
16712;15.08.2001;SWEDEN;South Africa;44;109
16715;01.09.2001;MACEDONIA;SWEDEN;33;44
16719;07.10.2001;SWEDEN;AZERBAiJAN;44;4
16742;21.08.2002;RUSSIR;SWEDEN;41;44
16797;14.06.2004;SWEDEN;BULGIRIA;44;7
16801;22.06.2004;DENMARk;SWEDEN;9;44
16805;18.08.2004;SWEDEN;HOLLAND;44;21
16816;17.11.2004;SCOTLAND;Sweden;43;44
17268;15.06.1980;BELGIUM;Spain;5;48
17282;23.09.1981;AUSTRIA;SPAiN;37;48
17348;01.06.1988;SPAIN;Sweden;48;44
17363;15.11.1989;SPAIN;hUNGARY;48;54
17373;10.10.1990;SPAIN;Iceland;48;23
17377;20.02.1991;FRANCE;Spain;16;48
17385;19.02.1992;SPAIN;C.I.S. ;48;51
17443;28.01.1998;FRANCE;SPAiN;16;48
17480;03.03.1888;WALES;IRELANЛ;55;22
17554;01.03.1902;IRELAND;Scotland;22;43
17581;16.03.1907;Scotland;IRELAND;43;22
17587;11.04.1908;AVALES;IRELAND;55;22
17611;15.03.1913;IRELAND;Scotland;22;43
17650;04.02.1928;Northern Ireland;Wales;35;55
17747;07.10.1961;Northern Ireland;Scotland;35;43
17771;02.10.1965;Northern Ireland;Scotland;35;43
17778;16.11.1966;SCOTLAND;Northern Ireland;43;35
17780;21.10.1967;Northern Ireland;Scotland;35;43
17817;18.10.1972;BLLGARIA;NORTHERN Ireland;7;35
17835;11.05.1974;SCOTLAND;Northern Ireland;43;35
17848;20.05.1975;SCOTLAND;Northern Ireland;43;35
17859;08.05.1976;SCOTLAND;Northern Ireland;43;35
17946;21.06.1964;SPAIN;Soviet Union;48;52
17952;21.06.1982;HONDURAS;NORTHERN Ireland;133;35
17957;01.07.1982;Austria;NORTHERN Ireland;37;35
17960;13.10.1982;Austria;NORTHERN Ireland;37;35
17969;24.05.1983;SCOTLAND;Northern Ireland;43;35
17975;21.09.1983;Northern Ireland;Austria;35;37
17981;13.12.1983;Northern Ireland;Scotland;35;43
17996;27.03.1985;ŚPAIN;NORTHERN Ireland;48;35
18001;16.10.1985;RoMANiA;NORTHERN Ireland;40;35
18024;20.06.1967;SCANDINAVIA;Soviet Union;;52
18040;15.10.1967;AUŚTRIA;SOVIET Union;37;52
18061;14.11.1990;Austria;NORTHERN Ireland;37;35
18072;16.10.1991;Northern Ireland;Austria;35;37
18076;19.02.1992;SCOTLAND;Northern Ireland;43;35
18093;25.05.1993;LITHUАNIA;NORTHERN Ireland;30;35
18103;23.03.1994;Northern Ireland;Romania;35;40
18120;07.06.1971;Soviet Union;Cyprus;52;57
18154;02.04.1997;UKRAiNE;NORTHERN Ireland;53;35
18157;28.08.1972;Soviet Union;BURMA;52;3782
18166;25.03.1998;Northern Ireland;Slovakia;35;46
18168;22.04.1998;Northern Ireland;Switzerland;35;45
18179;31.03.1999;MOLDOVA;Northern Ireland;34;35
18200;16.08.2000;Northern Ireland;Yugoslavia;35;26
18256;28.04.2004;Northern Ireland;Serbia;35;3215
18258;30.05.2004;BARBADOS;NORTHERN Ireland;122;35
18260;02.06.2004;ST. Kitts;Northern Ireland;145;35
18262;06.06.2004;TRINIDAD;Northern Ireland;149;35
18264;18.08.2004;Switzerland;NORTHERN Ireland;45;35
18272;13.10.2004;Northern Ireland;Austria;35;37
18278;05.05.1979;Soviet Union;CZECHOSLOVAKIA;52;8
18288;29.04.1980;Sweden;Soviet Union;44;52
18295;27.08.1980;HUNGARY;SOViet Union;54;52
18311;22.06.1982;Soviet Union;Scotland;52;43
18420;25.01.1992;United states;C.I.S.;151;51
18421;29.01.1992;El Salvador;C.I.S. ;129;51
18422;02.02.1992;United states;C.I.S.;151;51
18423;12.02.1992;ISRAEL;C.I.S.;24;51
18424;19.02.1992;SPAIN;C.I.S. ;48;51
18425;29.04.1992;C.I.S.;ENGLAND;51;12
18426;03.06.1992;DENMARK;C.I.S.;9;51
18427;12.06.1992;C.I.S.;GERMANY;51;11
18428;15.06.1992;HOLLAND;C.I.S.;21;51
18429;18.06.1992;SCOTLAND;C.I.S.;43;51
18444;29.03.1995;SLOVENIA;EstonIA;47;13
18465;11.10.1997;SLOVENIA;CROATIA;47;27
18484;09.10.1999;Slovenia;GREECE;47;19
18485;13.11.1999;Slovenia;UKRAINE;47;53
18533;28.04.2004;Switzerland;SLOVENiA;45;47
18543;04.06.2005;BELARÚS;Slovakia;56;46
18556;10.04.1943;CROATIA;Slovakia;27;46
18580;27.03.1996;SLOVAKIA;BELARIIS;46;56
18618;04.09.1999;SLOVAKIA;Romania;46;40
18619;08.09.1999;SLOVAKIA;LIECHTENSTEIN;46;29
18627;15.02.2000;CHILE;Slovakia;61;46
18629;24.05.2000;SLOVAKIA;SAUDi Arabia;46;181
18648;05.09.2001;SLOVAKIA;Moldova;46;34
18659;12.02.2003;RoMANiA;Slovakia;40;46
18705;10.05.1927;RoMANiA;Yugoslavia;40;26
18772;01.08.1937;Yugoslavia;TURKEY;26;50
18795;09.05.1946;CZECHOSLOVAKIA;Yugoslavia;8;26
18818;13.11.1949;Yugoslavia;Austria;26;37
18861;26.09.1954;SAAR;Yugoslavia;10119;26
18916;06.08.1960;Yugoslavia;TUNISIA;26;115
18944;14.10.1962;HUNGARY;Yugoslavia;54;26
18951;03.11.1963;Yugoslavia;CZECHOSLOVAKIA;26;8
18957;23.09.1964;Yugoslavia;EUROPE XI;26;
18975;08.05.1966;Yugoslavia;HUNGARY;26;54
19002;26.02.1969;Yugoslavia;Sweden;26;44
19027;14.06.1972;Yugoslavia;VENEZUELA;26;67
19040;09.05.1973;West  Germany;Yugoslavia;11;26
19050;18.06.1974;Yugoslavia;ZAIRE;26;77
19172;11.10.1989;Yugoslavia;NORWAY;26;36
19176;28.03.1990;PoLAND;Yugoslavia;38;26
19186;14.11.1990;DENMARK;Yugoslavia;9;26
19210;02.06.1996;Yugoslavia;MALTA;26;32
19230;24.02.1998;ARGENTINA;Yugoslavia;58;26
19240;02.09.1998;Yugoslavia;Switzerland;26;45
19268;25.01.2001;Yugoslavia;BOSNIA-HERCEGOVINA;26;6
19282;17.04.2002;Yugoslavia;Lithuania;26;30
19307;09.10.2004;BOSNIA;Serbia & Montenegro;6;3215
19345;21.03.1887;WALES;Scotland;55;43
19360;02.04.1892;SCOTLAND;ENGLAND;43;12
19419;16.03.1912;IRELAND;Scotland;22;43
19428;13.03.1920;SCOTLAND;IRELAND;43;22
19436;03.03.1923;Northern Ireland;Scotland;35;43
19459;04.06.1929;HOLLAND;Scotland;21;43
19470;19.09.1931;SCOTLAND;Northern Ireland;43;35
19509;10.04.1948;SCOTLAND;ENGLAND;43;12
19511;17.05.1948;Switzerland;Scotland;45;43
19524;01.11.1950;SCOTLAND;Northern Ireland;43;35
19600;29.11.1961;ĆZECHOSLOVAKIА;Scotland;8;43
19641;11.12.1968;CYPRUS;Scotland;57;43
19647;21.09.1969;Ireland;Scotland;22;43
19661;13.10.1971;SCOTLAND;PORTUGAL;43;39
19672;15.11.1972;SCOTLAND;DENMARK;43;9
19677;22.06.1973;Switzerland;Scotland;45;43
19688;14.06.1974;ZAIRE;Scotland;77;43
19694;16.04.1975;SWEDEN;Scotland;44;43
19723;20.05.1978;SCOTLAND;England;43;12
19754;14.10.1981;Northern Ireland;Scotland;35;43
19755;18.11.1981;PORTUGAL;Scotland;39;43
19796;04.06.1986;DENTMARK;Scotland;9;43
19826;28.03.1990;SCOTLAND;ARGENTINA;43;58
19830;28.05.1990;MALTA;Scotland;32;43
19831;11.06.1990;COSTA;Scotland;126;43
19832;16.06.1990;SCOTLAND;SWEDEN;43;44
19835;17.10.1990;SCOTLAND;Switzerland;43;45
19850;18.06.1992;SCOTLAND;C.I.S.;43;51
19851;09.09.1992;Switzerland;Scotland;45;43
19859;08.09.1993;SCOTLAND;Switzerland;43;45
19961;13.10.2004;MOLDOVA;Scotland;34;43
19983;10.03.1993;San Marino;Turkey;42;50
19987;22.09.1993;San Marino;HOLLAND;42;21
19988;17.11.1993;San Marino;ENGLAND;42;12
19989;12.10.1994;RUSSIA;SAN Marino;41;42
20035;04.09.2004;San Marino;Serbia;42;3215
20043;04.05.1913;RUSSIλ;SWEDEN;41;44
20060;06.10.1993;SAUDi Arabia;RUSSIA;181;41
20066;29.05.1994;RUSSIA;Slovakia;41;46
20079;07.06.1995;San Marino;RUSSIA;42;41
20088;24.04.1996;BELGIUNI;RUSSIA;5;41
20093;16.06.1996;RUSSIA;GERMANY;41;11
20099;07.02.1997;RUSSIA;Yugoslavia;41;26
20107;11.10.1997;RUSSIλ;BULGARIA;41;7
20123;19.05.1999;RUSSIA;Belarus;41;56
20124;05.06.1999;FRANCE;Russia;16;41
20153;05.06.2002;RUSSIA;Tunisia;41;115
20157;07.09.2002;RUSSIλ;Ireland;41;22
20160;13.02.2003;RUSSIA;Romania;41;40
20163;07.06.2003;Switzerland;RUSSIA ;45;41
20164;20.08.2003;RUSSiA;ISRAEL;41;24
20173;12.06.2004;SPAiN;RUSSIA;48;41
20219;03.07.1932;Yugoslavia;Romania;26;40
20221;16.10.1932;AUSTRIa Amateur;Romania;;40
20286;06.06.1948;HUNGARY;Romania;54;40
20336;14.05.1961;TuRKEY;Romania;50;40
20426;20.09.1972;FINLAND;Romania;15;40
20427;29.10.1972;RoMANiA;ALBANIA;40;1
20441;04.12.1974;ISRAEL;Romania;24;40
20450;12.10.1975;RoMANiA;TURKEY;40;50
20464;27.04.1977;RoMANiA;EAST Germany;40;10
20465;08.05.1977;Yugoslavia;Romania;26;40
20658;26.04.1995;AZERBAIJAN;Romania;4;40
20884;15.10.1969;Ireland;Denmark;22;9
20894;10.10.1971;AUSTRiА;Ireland;37;22
21131;06.10.2001;Ireland;CyPRUS ;22;57
21284;17.05.1962;PORTUGAL;Belgium;39;5
21415;10.12.1959;ISRAEL;РАКІЅТАN;24;
21421;17.12.1959;РАЮЅТАN;ISRAEL;;24
21483;17.03.1965;ISRAEL;Switzerland;24;45
21518;17.03.1968;ISRAEL;CEYLON;24;183
21520;22.03.1968;ISRAEL;CEYLON;24;183
21524;14.05.1968;BURMA;ISRAEL;3782;24
21526;17.05.1968;ISRAEL;Taiwan;24;187
21587;21.11.1971;Australia;ISRAEL;194;24
21592;22.03.1972;ISRAEL;CEYLON;24;183
21598;01.04.1972;ISRAEL;ТНAILAND;24;
21603;19.05.1973;ISRAEL;Malaysia;24;173
21605;21.05.1973;ISR.AEL;THAILAND;24;188
21610;28.05.1973;South Korea;ISRAEL;184;24
21614;13.11.1973;ISRAEL;United States;24;151
21622;05.09.1974;ISRAEL;PHIILLIPINES;24;180
21626;10.09.1974;ISRAEL;BURMA;24;3782
21833;12.02.1992;ISRAEL;C.I.S.;24;51
21950;11.10.2000;ISRAEL;BOSNIA-HERZEGUVINA ;24;6
22281;03.08.1936;iTALY;United States;25;151
22287;15.08.1936;ITALY;Austria Olymp.;25;
22289;25.10.1936;ITALY;Switzerland;25;45
22292;13.12.1936;ITALY;CSSR;25;8
22294;25.04.1937;iTALY;HUNGARY;25;54
22296;23.05.1937;CSSR;ITALY;8;25
22300;31.10.1937;Switzerland;ITALY;45;25
22312;16.06.1938;ITALY;Brazil;25;60
22381;25.06.1950;SWEDEN;Italia;44;25
22455;15.01.1958;Northern Ireland;Italy;35;25
22501;12.05.1963;ITALY;BRAZIL;25;60
22503;09.06.1963;AUSTRIA;Italy;37;25
22549;19.07.1966;NORTH Korea;Italy;2199;25
22592;03.06.1970;Italy;Sweden;25;44
22600;17.06.1970;West  Germany;Italy;11;25
22687;31.05.1976;BRAZÍLIA;ITALY;60;25
22732;24.06.1978;BRAZÍLiA;ITALY;60;25
22779;25.02.1981;ITALY;EURÓPA XI;25;
22785;23.09.1981;ITALY;Bulgaria;25;7
22806;05.07.1982;ITALY;BRAZIL;25;60
22808;08.07.1982;Italy;POLAND;25;38
22818;12.02.1983;CÝPRUS;ITALY;57;25
22879;15.11.1986;ITALY;Switzerland;25;45
22923;22.12.1988;ITALY;Scotland;25;43
22937;14.10.1989;ITALY;BRAZIL;25;60
22939;11.11.1989;ITALY;Algeria;25;69
23018;13.10.1993;ITALY;Scotland;25;43
23044;03.07.1992;KAZAKHSTAN;LYBIA;166;91
23046;17.07.1994;BRAZÍLIA;ITALY;60;25
23100;06.09.1997;South Korea;Kazakhstan;184;166
23102;12.09.1997;UNITED Arab Emirates;KAZAKHSTAN;191;166
23108;04.10.1997;KAZAKHSTAN;JAPAN;166;162
23113;18.10.1997;KAZAKHSTAN;UNITED Arab Emirates;166;191
23134;08.04.2000;KAZAKHSTAN;Pakistan;166;178
23136;24.05.2000;IRAN;KAZAKHŚTAN;161;166
23140;07.10.2000;SAUDi Arabia;KAZAKI-ISTAN;181;166
23148;08.06.1997;ITALY;BRAZIL;25;60
23166;28.01.1998;ITALY;Slovakia;25;46
23180;06.06.2003;POLAND;Kazachstan;38;166
23182;23.06.1998;ITALY;Austria;25;37
23193;10.10.1998;ITALY;Switzerland;25;45
23198;16.12.1998;ITALY;FIFA;25;
23278;21.08.2002;ITALY;Slovenia;25;47
23306;28.04.2004;ITALY;Spain;25;48
23317;01.07.1912;AUsTRIA;NORWAY;37;36
23330;03.09.1916;NORWAY;United States;36;151
23379;26.06.1927;NORWAY;Sweden;36;44
23433;05.09.1937;FINLAND;Norway;15;36
23438;31.05.1938;NORWAY;Estonia;36;13
23501;24.06.1953;NORWAY;SAAR;36;10119
23508;08.11.1953;SAAR;NORWAY;10119;36
23512;30.05.1954;AUSTRIA;Norway;37;36
23551;20.05.1959;NORWAY;Austria;36;37
23552;17.06.1959;NORWAY;LUXEMBOURG;36;31
23558;23.09.1959;Austria;NORWAY;37;36
23563;22.06.1960;NORWAY;Austria;36;37
23597;07.11.1963;SCOTLAND;Norway;43;36
23623;26.09.1965;ŇORWAY;DENMARK;36;9
23783;28.08.1975;NORWAY;ЅОУІЕІ;36;
23785;24.09.1975;Soviet Union Olympic;Norway;;36
23799;08.09.1976;NORWAY;Switzerland;36;45
23825;20.09.1978;BELGIIJNI;NORWAY;5;36
23873;17.06.1981;NORWAY;Switzerland;36;45
23889;15.06.1982;NORWAY;Denmark;36;9
23894;13.10.1982;NORWAY;Yugoslavia;36;26
23912;07.09.1983;NORWAY;Bulgaria;36;7
23938;29.08.1984;NORWAY;POLAND;36;38
23982;20.08.1986;NORWAY;Romania;36;40
24034;02.11.1988;ĆYPRUS;NORWAY;57;36
24046;14.06.1989;NORWAY;Yugoslavia;36;26
24057;04.02.1990;ŃORWAY;SOUTH Korea;36;184
24069;31.10.1990;NORWAY;Cameroon;36;85
24072;17.04.1991;Austria;NORWAY;37;36
24074;23.05.1991;NORWAY;Romania;36;40
24078;25.09.1991;NORWAY;CSSR;36;8
24080;13.11.1991;iTALY;NORWAY;25;36
24082;04.02.1992;Bermuda;NORWAY;124;36
24085;03.06.1992;NORWAY;Scotland;36;43
24091;02.12.1992;CHINA;Norway;155;36
24103;19.01.1994;NORWAY;Costa Rica;36;126
24116;06.02.1995;NORWAY;Estonia;36;13
24128;29.11.1995;TRINIDAD/TOBAG;Norway;149;36
24134;09.10.1996;NORWAY;Hungary;36;54
24135;10.11.1996;Switzerland;NORWAY;45;36
24136;18.01.1997;South Korea;NORWAY;184;36
24138;25.01.1997;Australia;NORWAY;194;36
24139;29.03.1997;UNITED Arab Emirates;NORWAY;191;36
24142;08.06.1997;HUNGARY;NORWAY;54;36
24146;10.09.1997;NORWAY;Switzerland;36;45
24168;05.06.1999;ALBANIA;Norway;1;36
24177;23.02.2000;TuRKEY;NORWAY;50;36
24180;27.05.2000;NORWAY;Slovakia;36;46
24183;18.06.2000;NORWAY;Yugoslavia;36;26
24185;16.08.2000;FINLAND;Norway;15;36
24194;02.06.2001;UKRAINA;Norway;53;36
24199;06.10.2001;Armenia;NORWAY;3;36
24201;27.03.2002;Tunisia;NORWAY;115;36
24224;22.01.2004;NORWAY;Sweden;36;44
24229;28.04.2004;NORWAY;RUSSIA;36;41
24230;27.05.2004;NORWAY;Wales;36;55
24249;11.10.1995;LIECHTENSTEIN;NORTHERN Ireland;29;35
24250;24.04.1996;MACEDOŃIA;LIECHTENSTEIN;33;29
24258;20.08.1997;LIECHTENSTEIN;ICELANЛ;29;23
24261;02.06.1998;AUSTRIA;LIECHTENSTEIN;37;29
24267;05.06.1999;AZERBAIJAN;LIECHTENSTEIN;4;29
24272;09.10.1999;LIECHTENSTEIN;Romania;29;40
24283;24.03.2001;SPAIN;LIECHTENSTEIN;48;29
24292;07.10.2001;BOSNIA-HERZEGOVINA;LIECHTENSTEIN;6;29
24302;08.09.2002;LIECITENSTEIN;MACEDONIA;29;33
24309;07.06.1995;Moldova;ALBANIA;34;1
24313;08.10.1995;GERMANY;Moldova;11;34
24317;09.04.1996;MOLDOVA;UKRAINE;34;53
24321;14.08.1996;TuRKEY;MOLDOVA;50;34
24323;01.09.1996;MOLDOVA;England;34;12
24325;05.10.1996;MOLDOVA;ITALY;34;25
24327;30.10.1996;MOLDOVA;INDONEZIA;34;159
24330;10.11.1996;POLAND;Moldova;38;34
24331;08.09.2004;SLOVAKIA;LIECHTENSTEIN;46;29
24340;07.10.1997;Moldova;POLAND;34;38
24343;16.08.1998;Moldova;Lithuania;34;30
24344;20.08.1998;MOLDOVA;ESTONIA;34;13
24359;26.04.2000;San Marino;Moldova;42;34
24373;05.09.2001;SLOVAKIA;Holland;46;21
24374;06.10.2001;MOLDOVA;TURKEY;34;50
24375;09.02.2002;LITHUANIA;MOLDOVA;30;34
24384;05.03.2003;ISRAEL;Moldova;24;34
24386;02.04.2003;MOLDOVA;HOLLAND;34;21
24390;10.09.2003;Moldova;BELARUS;34;56
24421;09.06.1931;EstoNIA;Lithuania;13;30
24423;26.08.1931;LITHUANIA;Romania;30;40
24424;30.08.1931;ESTonia;Lithuania;13;30
24428;06.08.1932;LITHUANIA;Estonia;30;13
24457;03.09.1937;LITIIUANIA;Latvia;30;28
24477;26.09.1948;LATViA;Lithuania;28;30
24479;23.10.1949;LITHUANIA;ЕЅТОNIА;30;
24481;23.07.1956;LITHUANIA;СHINА;30;
24482;03.08.1956;LITHUANIA;ЕЅТОNIА;30;
24483;05.08.1956;RUSSIA (Moscow XI);Lithuania;41;30
24487;20.07.1979;LITHUANIA;????;30;
24513;14.04.1993;LITHUANIA;ALBANIA;30;1
24514;18.05.1993;LITHUANIA;UKRAINE;30;53
24515;25.05.1993;LiTHUANIA;NORTHERN Ireland;30;35
24550;29.03.1995;LiTHUANIA;CROATIA;30;27
24554;17.05.1995;LiTHUANIA;GREECE;30;19
24556;20.05.1995;ESTonia;Lithuania;13;30
24565;16.08.1995;ESTonia;Lithuania;13;30
24572;15.11.1995;iTALY;Lithuania;25;30
24602;02.04.1997;LITHUANIA;Romania;30;40
24693;28.02.2001;RoMANiA;Lithuania;40;30
25006;09.11.1996;LIECHTENSTEIN;MACEDONIA;29;33
25029;18.04.1998;MACEDONIA;South Korea;33;184
25037;18.05.1998;CANADA;Macedonia;136;33
25039;03.06.1998;MACEDONIA;BOSNIA-HERCEGOVINA;33;6
25049;18.11.1998;MALTA;MACEDONIA;32;33
25051;10.02.1999;ALBANIA;Macedona;1;33
25053;05.06.1999;MACEDONIA;CROATIA;33;27
25058;05.09.1999;Yugoslavia;MACEDONiA;26;33
25062;09.10.1999;МАСЕDONIА;RЕРUВLСОFІRЕLАND;;
25067;29.03.2000;BOsNIA-HERZEGOVINA;MACEDONIA;6;33
25069;26.04.2000;MACEDONIA;ALBANiA;33;1
25071;07.06.2000;South Korea;Macedonia;184;33
25106;05.09.2001;AZERBAIJAN;MACEDONiA;4;33
25109;07.10.2001;MACEDONIA;Slovakia;33;46
25123;27.03.2002;BOSNIA-HERZEGOVIŃA;MACEDONIA;6;33
25131;08.09.2002;LIECHTENSTEIN;MACEDONIA;29;33
25138;20.11.2002;MACEDONIA;Israel ;33;24
25140;09.02.2003;CRCIATIA;MACEDONIA;27;33
25145;29.03.2003;MAĆEDONIA;Slovakia;33;46
25159;10.09.2003;SLOVAKIA;Macedonia;46;33
25169;18.02.2004;MACEDONIA;BOSNIA-HERCEGOVINA;33;6
25465;14.07.1916;URUGUAY;CHiLE;66;61
25485;17.10.1926;CHiLE;URUGUAY;61;66
25506;05.02.1939;CHiLE;ECUADOR;61;62
25518;14.01.1945;CHiLE;ECUADOR;61;62
25530;09.12.1947;CHILE;Peru ;61;65
25541;30.04.1949;PERU;CHILE;65;61
25543;26.02.1950;BOLIVIA;Chile;59;61
25562;12.07.1953;CHiLE;SPAIN;61;48
25584;08.03.1956;COSTA;CHILE;126;61
25588;26.08.1956;CHILE;Czechoslovakia;61;8
25590;16.03.1957;PERU;CHiLE;65;61
25597;22.09.1957;CHiLE;BOLIVIA;61;59
25601;07.03.1959;ARGENTINA;CHiLE;58;61
25604;21.03.1959;CHiLE;Peru ;61;65
25645;16.05.1965;URUGUAY;ChiLE;66;61
25656;11.05.1966;MEXICO;CHiLE;139;61
25675;13.12.1967;CHiLE;HUNGARY;61;54
25705;03.11.1971;ĆHiLE;URUGUAY;61;66
25717;03.05.1973;CHILE;Peru ;61;65
25726;12.05.1974;CHILE;Ireland;61;22
25741;26.01.1977;CHiLE;PARAGUAY;61;64
25745;06.03.1977;CHILE;Peru ;61;65
25809;24.03.1985;CHiLE;URUGUAY;61;66
25823;21.06.1987;PERU;CHiLE;65;61
25850;30.05.1989;Switzerland;CHILE;45;61
25906;14.07.1995;BOLIVIA;CHiLE;59;61
25934;07.11.1997;CHiLE;GUATEMALA;61;131
25943;24.05.1998;CHiLE;URUGUAY;61;66
25955;23.06.1999;ĆHiLE;ECUADOR;61;62
25965;09.02.2000;CHILE;Australia;61;194
25998;08.06.2003;COSTA;CHILE;126;61
26000;20.08.2003;ĆHINA;CHILE;155;61
26012;14.07.2004;COSТA;Chile;126;61
26022;17.08.2005;PERU;CHiLE;65;61
26029;30.05.2006;IVORY Coast;Chile;78;61
26084;12.10.1977;CANADA;Surinam;136;148
26099;12.11.1981;HONDURAŚ;CANADA;133;136
26107;14.12.1983;HONDURAŚ;CANADA;133;136
26114;30.10.1984;CYPRUŚ;CANADA;57;136
26130;25.08.1985;HONDURAŚ;CANADA;133;136
26185;09.03.1993;CANADA;South Korea;136;184
26192;02.05.1993;El Salvador;Canada;129;136
26242;08.10.1999;CANADA;El SALVADOR;136;129
26289;08.09.2004;COSTARICA;CANADA;126;136
26302;01.03.2006;AUSTRiA;CANADA;37;136
26325;07.02.1945;ARGENTINA;Colombia;58;63
26328;09.12.1946;COLOMBIA;Curacao;63;10402
26379;07.08.1965;ĆOLOMBiA;CHILE;63;61
26380;30.11.1966;ĆHiLE;Colombia;61;63
26381;11.12.1966;ĆOLOMBiA;CHILE;63;61
26394;21.08.1969;BRAZIL;Colombia;60;63
26398;03.06.1972;VENEZUELA;Colombia;67;63
26408;01.07.1973;PERU;Colombia;65;63
26411;27.07.1975;ECUADOR;Colombia;62;63
26419;15.10.1976;ĆOLOMBiA;URUGUAY;63;66
26422;30.01.1977;COLOMBIA;Yugoslavia;63;26
26471;02.06.1985;ĆOLOMBiA;ARGENTINA;63;58
26491;05.02.1989;ĆOLOMBIA;CHILE;63;61
26497;07.07.1989;BRAZI;Colombia;60;63
26501;27.08.1989;PARAGUAY;Colombia;64;63
26517;23.06.1990;Cameroon;Colombia;85;63
26532;31.03.1993;COLOAIBIA;Costa Rica;63;126
26560;03.06.1994;COLOMBiA;Northern Ireland;63;35
26565;31.01.1995;South Korea;Colombia;184;63
26588;02.06.1996;PERU;Colombia;65;63
26612;08.10.1997;NORWAY;Colombia;36;63
26625;15.04.1999;VENEZUELA;Colombia;67;63
26632;07.07.1999;COLOMBIA;Ecuador;63;62
26641;23.02.2000;COLOMВIA;Peru ;63;65
26665;29.07.2001;COLOMBIA;MEXICO;63;139
26666;04.08.2001;COLOıBIA;LIBERIA;63;90
26672;07.05.2002;VENEZUELA;Colombia;67;63
26676;12.02.2003;Mexico;Colombia;139;63
26677;29.03.2003;South Korea;Colombia;184;63
26684;;TuRKEY;Colombia;50;63
26686;;COLOMBIA;GUATEMALA;63;131
26687;;BRAZIL;Colombia;60;63
26705;05.09.2004;CHILF;Colombia;61;63
26706;09.10.2004;COLOMBIA;PARAGUAY;63;64
26707;13.10.2004;BRAZIL;Colombia;60;63
26709;15.01.2005;COLOMBIA;South Korea;63;184
26711;23.02.2005;MEDICO;Colombia;139;63
26712;09.03.2005;United States;Colombia;151;63
26713;;VENEZUELA;Colombia;67;63
26716;;COLONiBiA;Peru ;63;65
26719;10.07.2005;HONDURAS;Colombia;133;63
26720;12.07.2005;COLONIBIA;TRINIDAD;63;149
26725;;VENEZUELA;Colombia;67;63
26755;29.10.1911;URUGUAY;ARGENTINA;66;58
26787;06.10.1917;ARGENTINA;CHiLE;58;61
26851;25.10.1924;ĆHiLE;ARGENTINA;61;58
26872;02.06.1928;ARGENTINA;Belgium;58;5
26944;04.03.1941;CHiLE;ARGENTINA;61;58
26988;07.12.1952;SPAiN;ARGENTINA;48;58
26998;27.03.1955;ARGENTINA;Uruguay;58;66
27005;28.02.1956;ARGENTINA;Peru ;58;65
27011;01.07.1956;URUGUAY;"ARGEN""lINA";66;58
27025;23.05.1957;URUGUAY;ARGENTINA;66;58
27026;05.06.1957;ARGENTINA;Uruguay;58;66
27052;10.03.1960;ARGENTINA;Mexico;58;139
27064;17.12.1960;ARGENTINA;ECUADOR;58;62
27080;21.11.1962;ARGENTINA;CHiLE;58;61
27113;18.01.1967;ARGENTINA;PARAGUAY;58;64
27132;22.12.1968;ARGENTINA;Yugoslavia;58;26
27155;04.08.1971;ARGENTINA;CHILe;58;61
27159;25.06.1972;ARGENTINA;France;58;16
27170;17.05.1973;ARGENTINA;Uruguay ;58;66
27171;23.05.1973;URUGUAY;Argentina;66;58
27174;27.07.1973;ARGENTINA;Peru ;58;65
27255;15.10.1980;ARGENTINA;Czechoslovakia;58;8
27298;26.05.1985;VENEZIΓELA;ARGENΓINA;67;58
27321;11.07.1987;ARGENTINA;Colombia;58;63
27322;16.12.1987;ARGENTINA;West Germany;58;11
27325;06.07.1988;ARGENTINA;Saudi Arabia;58;181
27339;;ARGENTINA;PARAGUAY;58;64
27341;28.03.1990;Scotland;ARGENTINA;43;58
27347;18.06.1990;ARGENTINA;Romania;58;40
27349;30.06.1990;ARGENTINA;Yugoslavia;58;26
27351;08.07.1990;Germany;Argentina;11;58
27352;19.02.91;Argentina;Hungary;58;54
27355;19.05.1991;United States;ARGENTINA;151;58
27358;27.06.1991;BRAZIl.;ARGENTINA;60;58
27362;14.07.1991;ARGENTINA;Peru;58;65
27366;21.07.1991;ARGENTINA;Colombia;58;63
27369;18.06.1992;ARGENTINA;Australia;58;194
27377;20.06.1993;ARGENTINA;Mexico;58;139
27387;05.09.1993;ARGENTINA;Columbia;58;63
27389;17.11.1993;ARGENTINA;Australia;58;194
27394;31.05.1993;ISRAEL;Argentina;24;58
27396;21.06.1904;ARGENTiNA;Greece;58;19
27401;21.12.1994;ARGENTINA;Romania;58;40
27403;08.01.1995;ARGENTiNA;JAPAN;58;162
27411;30.06.1995;Argentina;Australia;58;194
27414;14.07.1995;United States;Argentina;151;58
27417;11.10.1995;ARGENTINA;Colombia;58;63
27452;21.06.1998;ARGENTINA;Jamaica;58;134
27468;13.10.1999;ARGENTINA;Colombia;58;63
27508;09.09.2003;VENEZUELA;Argentia;67;58
27521;20.07.2004;ARGENTINA;Colombia;58;63
27541;09.10.2005;ARGENTINA;Peru ;58;65
27957;19.12.1946;CURACAO;VENEZUELA;10402;67
27959;26.12.1946;VENEZUELA;Puerto Rico;67;144
27963;21.03.1955;CURACAO;VENEZUELA;10402;67
27980;13.11.1971;VENEZUELA;TRINIDAD&TOBAGO;67;149
28013;24.01.1984;MEλICO;VENEZUELA;139;67
28033;06.08.1989;VENEZUELA;Chile ;67;61
28053;29.08.1993;URUGUAY;VENEZUELA;66;67
28068;02.06.1996;VENEZUELA;Chile ;67;61
28080;19.02.1997;COSTA;VENEZUELA;126;67
28115;25.07.2000;VENEZUELA;Chile ;67;61
28137;21.08.2002;VENEZUELA;BOLIVA;67;59
28147;20.08.2003;VENEZUELA;HAITi;67;132
28150;15.11.2003;ĆOLOMBIA;VENEZUELA;63;67
28152;18.02.2004;VENEZUELA;Australia;67;194
28155;28.04.2004;Jamaica;VENEZUELA;134;67
28270;16.03.1957;PERU;CHiLE;65;61
28298;28.04.1965;PERU;CHILE;65;61
28352;05.04.1972;MEXICO;Peru ;139;65
28447;03.08.1983;CHILE;Peru ;61;65
28451;28.08.1983;COLOМВIA;Peru ;63;65
28459;09.08.1984;PERU;Colombia;65;63
28523;30.01.1993;PERU;BELARl;65;56
28551;25.06.1995;PERU;Slovakia;65;46
28597;29.06.1999;PERN;JAPAN;65;162
28767;23.12.1947;PARAGUAY;CHiLE;64;61
28790;01.04.1953;PARAGUAY;BRAZiL;64;60
28805;29.01.1956;PARAGUAY;BRAZiL;64;60
28926;16.09.1973;PARAGUAY;ARGENtina;64;58
28997;06.02.1985;ĆHiLE;PARAGUAY;61;64
29008;09.10.1985;PARAGUAY;CHiLE;64;61
29013;10.11.1985;PARAGUAY;CHiLE;64;61
29054;01.06.1989;PARAGUAY;BOLiVIA;64;59
29086;05.09.1993;PERU;PARAGUAY;65;64
29137;19.06.1998;PARAGUAY;SPAiN;64;48
29164;21.06.2000;PARAGUAY;Costa Rica;64;126
29277;09.10.2004;ĆOLOMBiA;PARAGUAY;63;64
29304;25.07.1965;ECUADOR;Colombia;62;63
29335;12.05.1973;HAITi;ECUADOR;132;62
29373;14.06.1981;CHiLE;ECUADOR;61;62
29394;31.03.1985;ECUADOR;URUGUAY;62;66
29395;05.03.1987;Kuba;ECUADOR;138;62
29411;19.06.1988;COSТA;ECUADOR;126;62
29441;06.08.1992;ECUADOR;COSTA Rica;62;126
29484;30.06.1996;ECUADOR;Armenia;62;3
29517;14.04.1999;MEXICO;EcuaDOR;139;62
29559;20.01.2002;HAiTI;ECUADOR;132;62
29615;25.01.2006;ECUADOR;Honduras;62;133
29751;07.03.1954;PARAGUAY;BRAZIL;64;60
29877;02.06.1965;BRAZIL;Belgium;60;5
29924;06.11.1968;BRAZIL;FIFA World XI;60;
29979;01.05.1974;BØZIL;AUSTRIA;60;37
29984;22.06.1974;BRAZIL;ZAIRE;60;77
30004;01.12.1976;BRAZIL;Soviet Union;60;52
30091;25.04.1985;BRAZIL;Colombia;60;63
30160;20.06.1990;BRAZIL;Scotland;60;43
30173;15.07.1991;BRAZIL;EcuaDOR;60;62
30175;19.07.1991;BRAZII:;Colombia;60;63
30236;17.07.1994;BRAZIL;Italy;60;25
30240;22.02.1995;BRAZIL;Slovakia;60;46
30273;08.01.1948;PERU;BOLIVIA;65;59
30306;02.04.1997;BRAZIL;Chile;60;61
30315;29.09.1957;BOLIVIA;Chile;59;61
30370;01.02.1967;ĆHiLE;BOLIVIA;61;59
30398;24.07.1973;ĆHiLE;BOLIVIA;61;59
30471;29.01.1981;BOLIVIA;Czechoslovakia;59;8
30540;12.02.2003;ĆHINA;BRAZIL;155;60
30606;12.09.1993;URUGUAY;BOLIVIA;66;59
30611;17.11.2004;ECUADOR;BRAZiL;62;60
30736;19.07.2001;COSTA;BOLIVIA;126;59
30755;30.03.2004;BOLIVIA;Chile;59;61
30768;04.06.2005;CHiLE;BOLIVIA;61;59
30803;02.08.1948;KOREA;MEXICO;184;139
30893;05.01.1967;MEXICO;Switzerland;139;45
30913;10.07.1968;Mexico;BRAZIL;139;60
30981;26.01.1972;MEXICO;CHiLE;139;61
31026;15.10.1977;MEXICO;SURINAM;139;148
31048;08.04.1980;MEXICO;Honduras;139;133
31123;11.06.1986;MEXICO;IRAK;139;160
31128;29.03.1987;BAHAMAŚ;MEXICO;121;139
31177;08.11.1992;ST. Vincent;MEXICO;147;139
31181;06.12.1992;MEXICO;ST. Vincent;139;147
31182;13.12.1992;HONDURAŚ;MEXICO;133;139
31184;27.01.1993;ŚPAIN;MEXICO;48;139
31200;11.07.1993;MEXICO;MARTINICA;139;3210
31242;11.01.1996;MEXICO;ST. Vincent;139;147
31252;16.06.1996;United States;MEXICO;151;139
31254;15.09.1996;ST. Vincent;MEXICO;147;139
31258;30.10.1996;MEXICO;ST. Vincent;139;147
31285;25.05.1924;United States;Estonia;151;13
31290;12.12.1997;AUSТRALIA;MEXICO;194;139
31311;09.05.1998;MEXICO;EstonIA;139;13
31318;31.05.1998;Mexico;JAPAN;139;162
31335;25.06.1950;SPAIN;UNITED States;48;151
31386;23.10.1968;HAΓΓI;UNITED States;19;151
31546;24.07.2003;MEXICO;Costa Rica;139;126
31580;06.10.2004;MEXICO;ST. Vincent;139;147
31583;10.10.2004;ST. Vincent;MEXICO;147;139
31591;13.11.2004;ST. Kitts;MEXICO;145;139
31666;25.01.1992;United States;C.I.S.;151;51
31668;02.02.1992;United States;C.I.S.;151;51
31709;06.02.1993;United States;Romania;151;40
31745;29.01.1994;United States;Russia;151;41
31750;12.03.1994;United States;South Korea;151;184
31802;22.01.1997;United States;Denmark Leagu XI;151;
31863;15.11.2000;BARBADOŚ;UNITED States;122;151
